,puppet-icinga2/hiera.yaml_(Other)_,puppet-icinga2/.puppet-lint.rc_(Other)_,puppet-icinga2/.fixtures.yml_(Other)_,puppet-icinga2/metadata.json_(Other)_,puppet-icinga2/pdk.yaml_(Other)_,puppet-icinga2/appveyor.yml_(Other)_,puppet-icinga2/.rubocop.yml_(Other)_,puppet-icinga2/.gitlab-ci.yml_(Other)_,puppet-icinga2/.sync.yml_(Other)_,puppet-icinga2/.travis.yml_(Other)_,puppet-icinga2/types/customattributes.pp_(IaC)_,puppet-icinga2/types/logfacility.pp_(IaC)_,puppet-icinga2/types/interval.pp_(IaC)_,puppet-icinga2/types/fingerprint.pp_(IaC)_,puppet-icinga2/types/basicauth.pp_(IaC)_,puppet-icinga2/types/logseverity.pp_(IaC)_,puppet-icinga2/types/idocleanup.pp_(IaC)_,puppet-icinga2/spec/spec_helper.rb_(Other)_,puppet-icinga2/spec/default_facts.yml_(Other)_,puppet-icinga2/spec/unit/facter/util/fact_icinga2_puppet_spec.rb_(Other)_,puppet-icinga2/spec/type_aliases/interval_spec.rb_(Other)_,puppet-icinga2/spec/type_aliases/fingerprint_spec.rb_(Other)_,puppet-icinga2/spec/type_aliases/logseverity_spec.rb_(Other)_,puppet-icinga2/spec/type_aliases/logfacility_spec.rb_(Other)_,puppet-icinga2/spec/classes/notification_spec.rb_(Other)_,puppet-icinga2/spec/classes/gelf_spec.rb_(Other)_,puppet-icinga2/spec/classes/idopgsql_spec.rb_(Other)_,puppet-icinga2/spec/classes/livestatus_spec.rb_(Other)_,puppet-icinga2/spec/classes/perfdata_spec.rb_(Other)_,puppet-icinga2/spec/classes/api_spec.rb_(Other)_,puppet-icinga2/spec/classes/mainlog_spec.rb_(Other)_,puppet-icinga2/spec/classes/icingadb_spec.rb_(Other)_,puppet-icinga2/spec/classes/syslog_spec.rb_(Other)_,puppet-icinga2/spec/classes/compatlog_spec.rb_(Other)_,puppet-icinga2/spec/classes/command_spec.rb_(Other)_,puppet-icinga2/spec/classes/icinga2_spec.rb_(Other)_,puppet-icinga2/spec/classes/influxdb_spec.rb_(Other)_,puppet-icinga2/spec/classes/pki_ca_spec.rb_(Other)_,puppet-icinga2/spec/classes/opentsdb_spec.rb_(Other)_,puppet-icinga2/spec/classes/graphite_spec.rb_(Other)_,puppet-icinga2/spec/classes/elasticsearch_spec.rb_(Other)_,puppet-icinga2/spec/classes/idomysql_spec.rb_(Other)_,puppet-icinga2/spec/classes/windowseventlog_spec.rb_(Other)_,puppet-icinga2/spec/classes/checker_spec.rb_(Other)_,puppet-icinga2/spec/classes/influxdb2_spec.rb_(Other)_,puppet-icinga2/spec/classes/statusdata_spec.rb_(Other)_,puppet-icinga2/spec/classes/debuglog_spec.rb_(Other)_,puppet-icinga2/spec/defines/fragment_spec.rb_(Other)_,puppet-icinga2/spec/defines/objects_spec.rb_(Other)_,puppet-icinga2/spec/defines/feature_spec.rb_(Other)_,puppet-icinga2/spec/functions/cert_spec.rb_(Other)_,puppet-icinga2/spec/functions/parse_spec.rb_(Other)_,puppet-icinga2/spec/functions/icinga2_ticket_id_spec.rb_(Other)_,puppet-icinga2/.devcontainer/devcontainer.json_(Other)_,puppet-icinga2/examples/init_icingadb.pp_(IaC)_,puppet-icinga2/examples/init_elasticsearch.pp_(IaC)_,puppet-icinga2/examples/init_package_idomysql.pp_(IaC)_,puppet-icinga2/examples/init_server.pp_(IaC)_,puppet-icinga2/examples/apply_service.pp_(IaC)_,puppet-icinga2/examples/init_idomysql.pp_(IaC)_,puppet-icinga2/examples/init_worker.pp_(IaC)_,puppet-icinga2/examples/init_idomysql_ssl.pp_(IaC)_,puppet-icinga2/examples/init_influxdb2.pp_(IaC)_,puppet-icinga2/examples/hostgroup.pp_(IaC)_,puppet-icinga2/examples/init_confd.pp_(IaC)_,puppet-icinga2/examples/init_influxdb.pp_(IaC)_,puppet-icinga2/examples/ticket_id.pp_(IaC)_,puppet-icinga2/examples/init_package_idopgsql.pp_(IaC)_,puppet-icinga2/examples/init_file.pp_(IaC)_,puppet-icinga2/examples/init_repos.pp_(IaC)_,puppet-icinga2/examples/init_syslog.pp_(IaC)_,puppet-icinga2/examples/init_api.pp_(IaC)_,puppet-icinga2/examples/example_service_mysql.pp_(IaC)_,puppet-icinga2/examples/init_idopgsql.pp_(IaC)_,puppet-icinga2/examples/init_command.pp_(IaC)_,puppet-icinga2/examples/init_worker_validate.pp_(IaC)_,puppet-icinga2/examples/init.pp_(IaC)_,puppet-icinga2/examples/objects_from_hiera.pp_(IaC)_,puppet-icinga2/examples/init_package.pp_(IaC)_,puppet-icinga2/examples/init_plugins.pp_(IaC)_,puppet-icinga2/examples/example_config.pp_(IaC)_,puppet-icinga2/.github/workflows/ci.yml_(Other)_,puppet-icinga2/lib/puppet_x/icinga2/pbkdf2.rb_(Other)_,puppet-icinga2/lib/puppet_x/icinga2/utils.rb_(Other)_,puppet-icinga2/lib/facter/icinga2_version.rb_(Other)_,puppet-icinga2/lib/facter/icinga2_puppet.rb_(Other)_,puppet-icinga2/lib/puppet/functions/icinga2/icinga2_ticket_id.rb_(Other)_,puppet-icinga2/lib/puppet/functions/icinga2/icinga2_attributes.rb_(Other)_,puppet-icinga2/functions/unwrap.pp_(IaC)_,puppet-icinga2/functions/cert.pp_(IaC)_,puppet-icinga2/functions/newline.pp_(IaC)_,puppet-icinga2/functions/parse.pp_(IaC)_,puppet-icinga2/functions/db/connect.pp_(IaC)_,puppet-icinga2/templates/object.conf.epp_(Other)_,puppet-icinga2/templates/icinga2.conf.erb_(Other)_,puppet-icinga2/templates/object.conf.erb_(Other)_,puppet-icinga2/templates/objects.epp_(Other)_,puppet-icinga2/manifests/service.pp_(IaC)_,puppet-icinga2/manifests/config.pp_(IaC)_,puppet-icinga2/manifests/object.pp_(IaC)_,puppet-icinga2/manifests/globals.pp_(IaC)_,puppet-icinga2/manifests/feature.pp_(IaC)_,puppet-icinga2/manifests/query_objects.pp_(IaC)_,puppet-icinga2/manifests/install.pp_(IaC)_,puppet-icinga2/manifests/init.pp_(IaC)_,puppet-icinga2/manifests/config/fragment.pp_(IaC)_,puppet-icinga2/manifests/tls/client.pp_(IaC)_,puppet-icinga2/manifests/object/apiuser.pp_(IaC)_,puppet-icinga2/manifests/object/timeperiod.pp_(IaC)_,puppet-icinga2/manifests/object/user.pp_(IaC)_,puppet-icinga2/manifests/object/service.pp_(IaC)_,puppet-icinga2/manifests/object/usergroup.pp_(IaC)_,puppet-icinga2/manifests/object/eventcommand.pp_(IaC)_,puppet-icinga2/manifests/object/scheduleddowntime.pp_(IaC)_,puppet-icinga2/manifests/object/host.pp_(IaC)_,puppet-icinga2/manifests/object/notification.pp_(IaC)_,puppet-icinga2/manifests/object/servicegroup.pp_(IaC)_,puppet-icinga2/manifests/object/hostgroup.pp_(IaC)_,puppet-icinga2/manifests/object/icingaapplication.pp_(IaC)_,puppet-icinga2/manifests/object/checkresultreader.pp_(IaC)_,puppet-icinga2/manifests/object/endpoint.pp_(IaC)_,puppet-icinga2/manifests/object/notificationcommand.pp_(IaC)_,puppet-icinga2/manifests/object/zone.pp_(IaC)_,puppet-icinga2/manifests/object/dependency.pp_(IaC)_,puppet-icinga2/manifests/object/checkcommand.pp_(IaC)_,puppet-icinga2/manifests/feature/influxdb2.pp_(IaC)_,puppet-icinga2/manifests/feature/elasticsearch.pp_(IaC)_,puppet-icinga2/manifests/feature/command.pp_(IaC)_,puppet-icinga2/manifests/feature/gelf.pp_(IaC)_,puppet-icinga2/manifests/feature/livestatus.pp_(IaC)_,puppet-icinga2/manifests/feature/windowseventlog.pp_(IaC)_,puppet-icinga2/manifests/feature/notification.pp_(IaC)_,puppet-icinga2/manifests/feature/idopgsql.pp_(IaC)_,puppet-icinga2/manifests/feature/graphite.pp_(IaC)_,puppet-icinga2/manifests/feature/compatlog.pp_(IaC)_,puppet-icinga2/manifests/feature/api.pp_(IaC)_,puppet-icinga2/manifests/feature/mainlog.pp_(IaC)_,puppet-icinga2/manifests/feature/debuglog.pp_(IaC)_,puppet-icinga2/manifests/feature/influxdb.pp_(IaC)_,puppet-icinga2/manifests/feature/statusdata.pp_(IaC)_,puppet-icinga2/manifests/feature/syslog.pp_(IaC)_,puppet-icinga2/manifests/feature/perfdata.pp_(IaC)_,puppet-icinga2/manifests/feature/idomysql.pp_(IaC)_,puppet-icinga2/manifests/feature/opentsdb.pp_(IaC)_,puppet-icinga2/manifests/feature/icingadb.pp_(IaC)_,puppet-icinga2/manifests/feature/checker.pp_(IaC)_,puppet-icinga2/manifests/pki/ca.pp_(IaC)_,puppet-icinga2/.vscode/extensions.json_(Other)_,puppet-icinga2/data/Suse-family.yaml_(Other)_,puppet-icinga2/data/Gentoo-family.yaml_(Other)_,puppet-icinga2/data/RedHat-family-6.yaml_(Other)_,puppet-icinga2/data/Debian-family.yaml_(Other)_,puppet-icinga2/data/FreeBSD-kernel.yaml_(Other)_,puppet-icinga2/data/Linux-kernel.yaml_(Other)_,puppet-icinga2/data/RedHat-family.yaml_(Other)_,puppet-icinga2/data/common.yaml_(Other)_,puppet-icinga2/data/OpenBSD-kernel.yaml_(Other)_,puppet-icinga2/data/windows-kernel.yaml_(Other)_,puppet-icinga2/data/Gentoo-amd64-family.yaml_(Other)_,puppet-icinga2/data/RedHat-family-5.yaml_(Other)_,puppet-icinga2/data/RedHat-x86_64-family.yaml_(Other)_
puppet-icinga2/hiera.yaml_(Other)_,0,0,0,0,0,0,0,0,0,0,0,0,0,0,0,0,0,0,0,0,0,0,0,0,0,0,0,0,0,0,1,0,0,0,0,1,0,0,0,0,0,0,0,0,0,0,1,0,0,0,0,0,0,0,0,0,0,0,0,0,0,0,0,0,0,0,0,0,0,0,0,0,0,0,0,0,0,0,0,0,0,0,0,0,0,0,0,0,0,0,0,0,0,0,0,0,0,1,1,1,1,1,0,1,1,1,0,0,0,0,0,0,0,0,0,0,0,0,0,0,1,0,1,0,0,0,1,1,1,1,0,1,1,1,1,1,1,1,1,1,1,1,1,1,0,1,1,0,2,0,1,2,1,1,2,1,0,0,0,1,1
puppet-icinga2/.puppet-lint.rc_(Other)_,0,0,0,0,0,0,0,0,0,0,0,0,0,0,0,0,0,0,0,0,0,0,0,0,0,0,0,0,0,0,0,0,0,0,0,0,0,0,0,0,0,0,0,0,0,0,0,0,0,0,0,0,0,0,0,0,0,0,0,0,0,0,0,0,0,0,0,0,0,0,0,0,0,0,0,0,0,0,0,0,0,0,0,0,0,0,0,0,0,0,0,0,0,0,0,0,0,0,0,0,0,0,0,0,0,0,0,0,0,0,0,0,0,0,0,0,0,0,0,0,0,0,0,0,0,0,0,0,0,0,0,0,0,0,0,0,0,0,0,0,0,0,0,0,0,0,0,0,0,0,0,0,0,0,0,0,0,0,0,0,0
puppet-icinga2/.fixtures.yml_(Other)_,0,0,0,0,0,0,0,0,0,0,0,0,0,0,0,0,0,0,0,0,0,0,0,0,0,0,0,0,0,0,0,0,0,0,0,0,0,0,0,0,0,0,0,0,0,0,0,0,0,0,0,0,0,0,0,0,0,0,0,0,0,0,0,0,0,0,0,0,0,0,0,0,0,0,0,0,0,0,0,0,0,0,0,0,0,0,0,0,0,0,0,0,0,0,0,0,0,0,0,0,0,0,0,0,0,0,0,0,0,0,0,0,0,0,0,0,0,0,0,0,0,0,0,0,0,0,0,0,0,0,0,0,0,0,0,0,0,0,0,0,0,0,0,0,0,0,0,0,0,0,0,0,0,0,0,0,0,0,0,0,0
puppet-icinga2/metadata.json_(Other)_,0,0,0,0,0,0,1,0,1,0,0,1,0,1,1,0,1,1,0,0,0,0,0,0,1,1,1,2,1,1,1,1,1,1,1,1,1,1,1,1,1,1,0,1,0,1,1,1,1,1,1,1,0,0,1,1,1,1,1,2,1,2,1,1,1,2,1,1,0,0,2,3,1,2,0,1,0,2,1,2,1,1,0,1,0,0,0,0,1,1,0,1,0,0,0,1,0,1,1,1,2,2,0,1,2,1,1,2,2,2,3,2,2,2,2,2,2,2,1,2,2,2,2,2,2,1,1,1,1,2,1,1,3,1,1,2,1,1,2,2,1,2,4,1,2,1,2,0,0,0,0,0,1,1,0,1,1,1,0,0,0
puppet-icinga2/pdk.yaml_(Other)_,0,0,0,0,0,0,0,0,0,0,0,0,0,0,0,0,0,0,0,0,0,0,0,0,0,0,0,0,0,0,0,0,0,0,0,0,0,0,0,0,0,0,0,0,0,0,0,0,0,0,0,0,0,0,0,0,0,0,0,0,0,0,0,0,0,0,0,0,0,0,0,0,0,0,0,0,0,0,0,0,0,0,0,0,0,0,0,0,0,0,0,0,0,0,0,0,0,0,0,0,0,0,0,0,0,0,0,0,0,0,0,0,0,0,0,0,0,0,0,0,0,0,0,0,0,0,0,0,0,0,0,0,0,0,0,0,0,0,0,0,0,0,0,0,0,0,0,0,0,0,0,0,0,0,0,0,0,0,0,0,0
puppet-icinga2/appveyor.yml_(Other)_,0,0,0,0,0,0,0,0,0,0,0,0,0,0,0,0,0,0,0,0,0,0,0,0,0,0,0,0,0,0,0,0,0,0,0,0,0,0,0,0,0,0,0,0,0,0,0,0,0,0,0,0,0,0,0,0,0,0,0,0,0,0,0,0,0,0,0,0,0,0,0,0,0,0,0,0,0,0,0,0,0,0,0,0,0,0,0,0,0,0,0,0,0,0,0,0,0,0,0,0,0,0,0,0,0,0,0,0,0,0,0,0,0,0,0,0,0,0,0,0,0,0,0,0,0,0,0,0,0,0,0,0,0,0,0,0,0,0,0,0,0,0,0,0,0,0,0,0,0,0,0,0,0,0,0,0,0,0,0,0,0
puppet-icinga2/.rubocop.yml_(Other)_,0,0,0,1,0,0,0,0,1,0,0,1,0,1,1,0,1,0,0,0,0,0,0,0,0,0,0,0,0,0,0,1,0,0,0,0,0,0,0,0,0,0,0,0,0,0,0,0,0,0,1,1,0,0,1,1,1,1,1,1,1,1,1,1,0,1,1,1,0,0,1,1,1,1,0,1,0,1,1,1,1,1,0,0,0,0,0,0,1,1,0,1,0,0,0,0,0,1,1,1,1,1,0,1,1,1,1,1,1,1,1,1,1,1,1,1,1,1,1,1,1,1,1,1,1,1,1,1,1,1,1,1,1,1,1,1,1,1,1,1,1,1,1,1,1,1,1,0,0,0,0,0,1,1,0,1,1,1,0,0,0
puppet-icinga2/.gitlab-ci.yml_(Other)_,0,0,0,0,0,0,0,0,0,0,0,0,0,0,0,0,0,0,0,0,0,0,0,0,0,0,0,0,0,0,0,0,0,0,0,0,0,0,0,0,0,0,0,0,0,0,0,0,0,0,0,0,0,0,0,0,0,0,0,0,0,0,0,0,0,0,0,0,0,0,0,0,0,0,0,0,0,0,0,0,0,0,0,0,0,0,0,0,0,0,0,0,0,0,0,0,0,0,0,0,0,0,0,0,0,0,0,0,0,0,0,0,0,0,0,0,0,0,0,0,0,0,0,0,0,0,0,0,0,0,0,0,0,0,0,0,0,0,0,0,0,0,0,0,0,0,0,0,0,0,0,0,0,0,0,0,0,0,0,0,0
puppet-icinga2/.sync.yml_(Other)_,0,0,0,1,0,0,1,0,0,0,0,1,0,1,1,0,1,0,0,0,0,0,0,0,0,0,0,0,0,0,0,1,0,0,0,0,0,0,0,0,0,0,0,0,0,0,0,0,0,0,1,1,0,0,1,1,1,1,1,1,1,1,1,1,0,1,1,1,0,0,1,1,1,1,0,1,0,1,1,1,1,1,0,0,0,0,0,0,1,1,0,1,0,0,0,0,0,1,1,1,1,1,0,1,1,1,1,1,1,1,1,1,1,1,1,1,1,1,1,1,1,1,1,1,1,1,1,1,1,1,1,1,1,1,1,1,1,1,1,1,1,1,1,1,1,1,1,0,0,0,0,0,1,1,0,1,1,1,0,0,0
puppet-icinga2/.travis.yml_(Other)_,0,0,0,0,0,0,0,0,0,0,0,0,0,0,0,0,0,0,0,0,0,0,0,0,2,2,2,2,2,2,2,0,2,2,2,0,2,0,2,2,0,2,0,2,0,2,2,0,0,2,0,0,0,0,0,0,0,0,0,0,0,0,0,0,0,0,0,0,0,0,0,0,0,0,0,0,0,0,0,0,0,0,0,0,0,0,0,0,0,0,0,0,0,0,0,0,0,0,0,2,0,2,0,0,2,2,0,2,2,2,2,2,2,2,2,2,2,2,0,2,2,2,2,2,2,0,0,2,2,2,0,2,2,2,2,2,2,2,2,2,2,2,2,2,0,2,2,0,0,0,0,0,0,0,0,0,0,0,0,0,0
puppet-icinga2/types/customattributes.pp_(IaC)_,0,0,0,0,0,0,0,0,0,0,0,1,1,1,0,1,0,0,0,0,0,0,0,0,0,0,0,0,0,0,0,0,0,0,0,0,0,0,0,0,0,0,0,0,0,0,0,0,0,0,0,0,0,0,0,0,0,0,0,0,0,0,0,0,0,0,0,0,0,0,0,0,0,0,0,0,0,0,0,0,0,0,0,0,0,0,0,0,0,0,0,0,0,0,0,0,0,1,1,1,1,1,0,1,1,1,0,1,1,2,2,1,2,1,2,2,1,1,0,1,1,2,1,1,2,0,1,1,1,1,0,1,1,1,1,1,1,1,1,1,1,1,1,1,0,1,1,0,0,0,0,0,0,0,0,0,0,0,0,0,0
puppet-icinga2/types/logfacility.pp_(IaC)_,0,0,0,1,0,0,1,0,1,0,1,0,2,2,1,2,1,0,0,0,0,0,0,0,0,0,0,0,0,0,0,1,0,0,0,0,0,0,0,0,0,0,0,0,0,0,0,0,0,0,1,1,0,0,1,1,1,1,1,1,1,1,1,1,0,1,1,1,0,0,1,1,1,1,0,1,0,1,1,1,1,1,0,0,0,0,0,0,1,1,0,1,0,0,0,0,0,2,2,2,2,2,0,2,2,2,1,2,2,2,3,2,2,2,3,3,2,2,1,2,3,2,2,2,2,1,3,2,2,2,1,2,3,2,2,2,3,2,3,3,3,3,3,2,1,2,2,0,0,0,0,0,1,1,0,1,1,1,0,0,0
puppet-icinga2/types/interval.pp_(IaC)_,0,0,0,0,0,0,0,0,0,0,1,2,0,1,0,2,0,0,0,0,0,0,0,0,0,0,0,0,0,0,0,0,0,0,0,0,0,0,0,0,0,0,0,0,0,0,0,0,0,0,0,0,0,0,0,0,0,0,0,0,0,0,0,0,0,0,0,0,0,0,0,0,0,0,0,0,0,0,0,0,0,0,0,0,0,0,0,0,0,0,0,0,0,0,0,0,0,1,1,1,1,1,0,1,1,1,0,1,1,1,2,1,1,1,2,2,1,1,0,1,2,1,1,1,1,0,2,1,1,1,0,1,2,1,1,1,2,1,2,2,2,2,2,1,0,1,1,0,0,0,0,0,0,0,0,0,0,0,0,0,0
puppet-icinga2/types/fingerprint.pp_(IaC)_,0,0,0,1,0,0,1,0,1,0,1,2,1,0,1,1,1,0,0,0,0,0,0,0,0,0,0,0,0,0,0,1,0,0,0,0,0,0,0,0,0,0,0,0,0,0,0,0,0,0,1,1,0,0,1,1,1,1,1,1,1,1,1,1,0,1,1,1,0,0,1,1,1,1,0,1,0,1,1,1,1,1,0,0,0,0,0,0,1,1,0,1,0,0,0,0,0,2,2,2,2,2,0,2,2,2,1,2,2,2,2,2,2,2,2,2,2,2,1,2,2,2,2,2,2,1,2,2,2,2,1,2,2,2,2,3,2,2,2,2,2,2,2,2,1,2,2,0,0,0,0,0,1,1,0,1,1,1,0,0,0
puppet-icinga2/types/basicauth.pp_(IaC)_,0,0,0,1,0,0,1,0,1,0,0,1,0,1,0,0,1,0,0,0,0,0,0,0,0,0,0,0,0,0,0,1,0,0,0,0,0,0,0,0,0,0,0,0,0,0,0,0,0,0,1,1,0,0,1,1,1,1,1,1,1,1,1,1,0,1,1,1,0,0,1,1,1,1,0,1,0,1,1,1,1,1,0,0,0,0,0,0,1,1,0,1,0,0,0,0,0,1,1,1,1,1,0,1,1,1,1,1,1,1,1,1,1,1,1,1,1,1,1,1,1,1,1,1,1,1,1,1,1,1,1,1,1,1,1,1,1,1,1,1,1,1,1,1,1,1,1,0,0,0,0,0,1,1,0,1,1,1,0,0,0
puppet-icinga2/types/logseverity.pp_(IaC)_,0,0,0,0,0,0,0,0,0,0,1,2,2,1,0,0,0,0,0,0,0,0,0,0,0,0,0,0,0,0,0,0,0,0,0,0,0,0,0,0,0,0,0,0,0,0,0,0,0,0,0,0,0,0,0,0,0,0,0,0,0,0,0,0,0,0,0,0,0,0,0,0,0,0,0,0,0,0,0,0,0,0,0,0,0,0,0,0,0,0,0,0,0,0,0,0,0,1,1,1,1,1,0,1,1,1,0,1,1,1,2,1,1,1,2,2,1,1,0,1,2,1,1,1,1,0,2,1,1,1,0,1,2,1,1,1,2,1,2,2,2,2,2,1,0,1,1,0,0,0,0,0,0,0,0,0,0,0,0,0,0
puppet-icinga2/types/idocleanup.pp_(IaC)_,0,0,0,1,0,0,1,0,1,0,0,1,0,1,1,0,0,0,0,0,0,0,0,0,0,0,0,0,0,0,0,1,0,0,0,0,0,0,0,0,0,0,0,0,0,0,0,0,0,0,1,1,0,0,1,1,1,1,1,1,1,1,1,1,0,1,1,1,0,0,1,1,1,1,0,1,0,1,1,1,1,1,0,0,0,0,0,0,1,1,0,1,0,0,0,0,0,1,1,1,1,1,0,1,1,1,1,1,1,1,1,1,1,1,1,1,1,1,1,1,1,1,1,1,1,1,1,1,1,1,1,1,1,1,1,1,1,1,1,1,1,1,1,1,1,1,1,0,0,0,0,0,1,1,0,1,1,1,0,0,0
puppet-icinga2/spec/spec_helper.rb_(Other)_,0,0,0,1,0,0,0,0,0,0,0,0,0,0,0,0,0,0,0,0,0,0,0,0,1,1,1,1,1,1,1,0,1,1,1,0,1,0,1,1,0,1,0,1,0,1,1,1,0,1,0,0,0,0,0,0,0,0,0,0,0,0,0,0,0,0,0,0,0,0,0,0,0,0,0,0,0,0,0,0,0,0,0,0,0,0,0,0,0,0,0,0,0,0,0,0,0,0,0,0,0,0,0,0,1,0,0,0,0,0,0,0,0,0,0,0,0,0,0,0,0,0,0,0,0,0,1,0,0,0,0,0,0,0,0,0,0,0,0,0,0,0,0,0,0,0,0,0,0,0,0,0,0,0,0,0,0,0,0,0,0
puppet-icinga2/spec/default_facts.yml_(Other)_,0,0,0,0,0,0,0,0,0,0,0,0,0,0,0,0,0,0,0,0,0,0,0,0,0,0,0,0,0,0,0,0,0,0,0,0,0,0,0,0,0,0,0,0,0,0,0,0,0,0,0,0,0,0,0,0,0,0,0,0,0,0,0,0,0,0,0,0,0,0,0,0,0,0,0,0,0,0,0,0,0,0,0,0,0,0,0,0,0,0,0,0,0,0,0,0,0,0,0,0,0,0,0,0,0,0,0,0,0,0,0,0,0,0,0,0,0,0,0,0,0,0,0,0,0,0,0,0,0,0,0,0,0,0,0,0,0,0,0,0,0,0,0,0,0,0,0,0,0,0,0,0,0,0,0,0,0,0,0,0,0
puppet-icinga2/spec/unit/facter/util/fact_icinga2_puppet_spec.rb_(Other)_,0,0,0,0,0,0,0,0,0,0,0,0,0,0,0,0,0,0,0,0,0,0,0,0,0,0,0,0,0,0,0,0,0,0,0,0,0,0,0,0,0,0,0,0,0,0,0,0,0,0,0,0,0,0,0,0,0,0,0,0,0,0,0,0,0,0,0,0,0,0,0,0,0,0,0,0,0,0,0,0,0,0,0,0,0,0,0,0,0,0,0,0,0,0,0,0,0,0,0,0,0,0,0,0,0,0,0,0,0,0,0,0,0,0,0,0,0,0,0,0,0,0,0,0,0,0,0,0,0,0,0,0,0,0,0,0,0,0,0,0,0,0,0,0,0,0,0,0,0,0,0,0,0,0,0,0,0,0,0,0,0
puppet-icinga2/spec/type_aliases/interval_spec.rb_(Other)_,0,0,0,0,0,0,0,0,0,0,0,0,0,0,0,0,0,0,0,0,0,0,0,0,0,0,0,0,0,0,0,0,0,0,0,0,0,0,0,0,0,0,0,0,0,0,0,0,0,0,0,0,0,0,0,0,0,0,0,0,0,0,0,0,0,0,0,0,0,0,0,0,0,0,0,0,0,0,0,0,0,0,0,0,0,0,0,0,0,0,0,0,0,0,0,0,0,0,0,0,0,0,0,0,0,0,0,0,0,0,0,0,0,0,0,0,0,0,0,0,0,0,0,0,0,0,0,0,0,0,0,0,0,0,0,0,0,0,0,0,0,0,0,0,0,0,0,0,0,0,0,0,0,0,0,0,0,0,0,0,0
puppet-icinga2/spec/type_aliases/fingerprint_spec.rb_(Other)_,0,0,0,0,0,0,0,0,0,0,0,0,0,0,0,0,0,0,0,0,0,0,0,0,0,0,0,0,0,0,0,0,0,0,0,0,0,0,0,0,0,0,0,0,0,0,0,0,0,0,0,0,0,0,0,0,0,0,0,0,0,0,0,0,0,0,0,0,0,0,0,0,0,0,0,0,0,0,0,0,0,0,0,0,0,0,0,0,0,0,0,0,0,0,0,0,0,0,0,0,0,0,0,0,0,0,0,0,0,0,0,0,0,0,0,0,0,0,0,0,0,0,0,0,0,0,0,0,0,0,0,0,0,0,0,0,0,0,0,0,0,0,0,0,0,0,0,0,0,0,0,0,0,0,0,0,0,0,0,0,0
puppet-icinga2/spec/type_aliases/logseverity_spec.rb_(Other)_,0,0,0,0,0,0,0,0,0,0,0,0,0,0,0,0,0,0,0,0,0,0,0,0,0,0,0,0,0,0,0,0,0,0,0,0,0,0,0,0,0,0,0,0,0,0,0,0,0,0,0,0,0,0,0,0,0,0,0,0,0,0,0,0,0,0,0,0,0,0,0,0,0,0,0,0,0,0,0,0,0,0,0,0,0,0,0,0,0,0,0,0,0,0,0,0,0,0,0,0,0,0,0,0,0,0,0,0,0,0,0,0,0,0,0,0,0,0,0,0,0,0,0,0,0,0,0,0,0,0,0,0,0,0,0,0,0,0,0,0,0,0,0,0,0,0,0,0,0,0,0,0,0,0,0,0,0,0,0,0,0
puppet-icinga2/spec/type_aliases/logfacility_spec.rb_(Other)_,0,0,0,0,0,0,0,0,0,0,0,0,0,0,0,0,0,0,0,0,0,0,0,0,0,0,0,0,0,0,0,0,0,0,0,0,0,0,0,0,0,0,0,0,0,0,0,0,0,0,0,0,0,0,0,0,0,0,0,0,0,0,0,0,0,0,0,0,0,0,0,0,0,0,0,0,0,0,0,0,0,0,0,0,0,0,0,0,0,0,0,0,0,0,0,0,0,0,0,0,0,0,0,0,0,0,0,0,0,0,0,0,0,0,0,0,0,0,0,0,0,0,0,0,0,0,0,0,0,0,0,0,0,0,0,0,0,0,0,0,0,0,0,0,0,0,0,0,0,0,0,0,0,0,0,0,0,0,0,0,0
puppet-icinga2/spec/classes/notification_spec.rb_(Other)_,0,0,0,1,0,0,0,0,0,2,0,0,0,0,0,0,0,1,0,0,0,0,0,0,0,4,4,4,4,4,5,0,4,4,4,1,4,1,4,4,1,4,0,4,0,4,4,2,1,4,0,0,0,0,0,0,0,0,0,0,0,0,0,0,0,0,0,0,0,0,0,1,0,0,0,0,0,0,0,0,0,0,0,1,0,0,0,0,0,0,0,0,0,0,0,1,0,0,0,2,0,2,0,1,3,2,0,3,3,3,3,3,3,3,3,3,3,3,0,3,3,3,3,3,3,0,1,2,2,2,0,4,2,2,2,3,3,2,3,3,2,3,3,2,0,3,3,0,0,0,0,0,0,0,0,0,0,0,0,0,0
puppet-icinga2/spec/classes/gelf_spec.rb_(Other)_,0,0,0,1,0,0,0,0,0,2,0,0,0,0,0,0,0,1,0,0,0,0,0,0,4,0,5,5,4,4,4,0,4,4,4,1,5,1,5,5,1,5,0,4,0,4,4,2,1,4,0,0,0,0,0,0,0,0,0,0,0,0,0,0,0,0,0,0,0,0,0,1,0,0,0,0,0,0,0,0,0,0,0,1,0,0,0,0,0,0,0,0,0,0,0,1,0,0,0,2,0,2,0,0,2,2,0,3,3,3,3,3,3,3,4,3,3,3,0,3,4,3,3,3,3,0,1,2,5,3,0,2,3,3,2,3,2,2,4,3,2,3,4,3,0,2,3,0,0,0,0,0,0,0,0,0,0,0,0,0,0
puppet-icinga2/spec/classes/idopgsql_spec.rb_(Other)_,0,0,0,1,0,0,0,0,0,2,0,0,0,0,0,0,0,1,0,0,0,0,0,0,4,5,0,5,4,4,4,0,4,4,4,1,5,1,5,5,1,7,0,4,0,4,4,2,1,4,0,0,0,0,0,0,0,0,0,0,0,0,0,0,0,0,0,0,0,0,0,1,0,1,0,0,0,0,0,0,0,0,0,1,0,0,0,0,0,0,0,0,0,0,0,2,0,0,0,3,0,2,0,0,3,2,0,4,4,4,4,4,4,4,5,4,4,4,0,3,4,4,4,4,4,0,1,2,3,3,0,2,8,3,2,3,2,2,4,3,2,3,6,3,0,2,3,0,0,0,0,0,0,0,0,0,0,0,0,0,0
puppet-icinga2/spec/classes/livestatus_spec.rb_(Other)_,0,0,0,2,0,0,0,0,0,2,0,0,0,0,0,0,0,1,0,0,0,0,0,0,4,5,5,0,4,4,4,0,4,4,4,1,5,1,5,5,1,5,0,4,0,4,4,2,1,4,0,0,0,0,0,0,0,0,0,0,0,0,0,0,0,0,0,0,0,0,0,1,0,0,0,0,0,0,0,0,0,0,0,1,0,0,0,0,0,0,0,0,0,0,0,1,0,0,0,2,0,2,0,0,2,2,0,3,3,3,3,3,3,3,4,3,3,3,0,3,4,3,3,3,3,0,1,2,3,6,0,2,3,3,2,3,2,2,4,3,2,3,4,3,0,2,3,0,0,0,0,0,0,0,0,0,0,0,0,0,0
puppet-icinga2/spec/classes/perfdata_spec.rb_(Other)_,0,0,0,1,0,0,0,0,0,2,0,0,0,0,0,0,0,1,0,0,0,0,0,0,4,4,4,4,0,4,4,0,4,4,4,1,4,1,4,4,1,4,0,4,0,4,4,2,1,4,0,0,0,0,0,0,0,0,0,0,0,0,0,0,0,0,0,0,0,0,0,1,0,0,0,0,0,0,0,0,0,0,0,1,0,0,0,0,0,0,0,0,0,0,0,1,0,0,0,2,0,2,0,0,2,2,0,3,3,3,3,3,3,3,3,3,3,3,0,3,3,3,3,3,3,0,1,2,2,2,0,2,2,2,2,3,2,2,3,3,2,6,3,2,0,2,3,0,0,0,0,0,0,0,0,0,0,0,0,0,0
puppet-icinga2/spec/classes/api_spec.rb_(Other)_,0,0,0,1,0,0,0,0,0,2,0,0,0,0,0,0,0,1,0,0,0,0,0,0,4,4,4,4,4,0,4,0,4,4,4,1,5,3,4,4,1,5,0,4,0,4,4,2,1,4,0,0,0,0,0,0,0,0,0,0,0,0,0,0,0,0,0,0,0,0,0,1,0,0,0,0,0,0,0,0,0,0,0,1,0,0,0,0,0,0,0,0,0,0,0,1,0,0,1,5,1,2,0,3,3,2,0,3,3,3,3,3,3,3,3,3,3,3,0,3,4,3,3,3,3,0,1,2,2,2,0,2,2,2,2,15,2,2,4,3,2,3,4,2,0,2,5,0,1,0,0,0,0,0,0,0,0,0,0,0,0
puppet-icinga2/spec/classes/mainlog_spec.rb_(Other)_,1,0,0,1,0,0,0,0,0,2,0,0,0,0,0,0,0,1,0,0,0,0,0,0,5,4,4,4,4,4,0,0,4,4,4,2,4,1,4,4,1,4,0,5,0,4,5,2,1,5,0,0,0,0,0,0,0,0,0,0,0,0,0,0,0,0,0,0,0,0,0,1,0,0,0,0,0,0,0,0,0,0,0,1,0,0,0,0,0,0,0,0,0,0,0,1,0,1,1,4,1,4,0,2,5,3,0,3,3,3,3,3,3,3,3,3,3,3,0,3,4,3,4,3,3,0,2,4,3,3,0,6,3,3,4,5,6,4,4,5,4,5,4,3,0,6,4,0,1,0,1,1,1,1,1,1,0,0,0,1,1
puppet-icinga2/spec/classes/icingadb_spec.rb_(Other)_,0,0,0,1,0,0,1,0,1,0,0,1,0,1,1,0,1,0,0,0,0,0,0,0,0,0,0,0,0,0,0,0,0,0,0,0,0,0,0,0,0,0,0,0,0,0,0,0,0,0,1,1,0,0,2,1,1,1,1,1,1,1,1,1,0,1,1,1,0,0,1,1,1,1,0,1,0,1,1,1,1,1,0,0,0,0,0,0,1,1,0,1,0,0,0,0,0,1,1,1,1,1,0,1,1,1,1,1,1,1,1,1,1,1,1,1,1,1,1,1,1,1,1,1,1,1,1,1,1,1,1,1,1,1,1,1,1,1,1,1,1,1,1,1,2,1,1,0,0,0,0,0,1,1,0,1,1,1,0,0,0
puppet-icinga2/spec/classes/syslog_spec.rb_(Other)_,0,0,0,1,0,0,0,0,0,2,0,0,0,0,0,0,0,1,0,0,0,0,0,0,4,4,4,4,4,4,4,0,0,4,4,1,4,1,4,4,1,4,0,4,0,4,4,2,1,4,0,0,0,0,0,0,0,0,0,0,0,0,0,0,0,0,0,0,0,0,0,1,0,0,0,0,0,0,0,0,0,0,0,1,0,0,0,0,0,0,0,0,0,0,0,1,0,0,0,2,0,2,0,0,2,2,0,3,3,3,3,3,3,3,3,3,3,3,0,3,3,3,3,3,3,0,1,2,2,2,0,2,2,2,2,3,2,2,3,3,5,3,3,2,0,2,3,0,0,0,0,0,0,0,0,0,0,0,0,0,0
puppet-icinga2/spec/classes/compatlog_spec.rb_(Other)_,0,0,0,1,0,0,0,0,0,2,0,0,0,0,0,0,0,1,0,0,0,0,0,0,4,4,4,4,4,4,4,0,4,0,5,1,4,1,4,4,1,4,0,4,0,4,4,2,1,4,0,0,0,0,0,0,0,0,0,0,0,0,0,0,0,0,0,0,0,0,0,1,0,0,0,0,0,0,0,0,0,0,0,1,0,0,0,0,0,0,0,0,0,0,0,1,0,0,0,2,0,2,0,0,2,2,0,3,3,3,3,3,3,3,3,3,3,3,0,3,3,3,3,3,3,0,1,3,2,2,0,2,2,2,5,3,2,2,3,3,2,3,3,2,0,2,3,0,0,0,0,0,0,0,0,0,0,0,0,0,0
puppet-icinga2/spec/classes/command_spec.rb_(Other)_,0,0,0,1,0,0,0,0,0,2,0,0,0,0,0,0,0,1,0,0,0,0,0,0,4,4,4,4,4,4,4,0,4,5,0,1,4,1,4,4,1,4,0,4,0,4,4,2,1,4,0,0,0,0,0,0,0,0,0,0,0,0,0,0,0,0,0,0,0,0,0,1,0,0,0,0,0,0,0,0,0,0,0,1,0,0,0,0,0,0,0,0,0,0,0,1,0,0,0,2,0,2,0,0,2,2,0,3,3,3,3,3,3,3,3,3,3,3,0,3,3,3,3,3,3,0,1,6,2,2,0,2,2,2,2,3,2,2,3,3,2,3,3,2,0,2,3,0,0,0,0,0,0,0,0,0,0,0,0,0,0
puppet-icinga2/spec/classes/icinga2_spec.rb_(Other)_,1,0,0,1,0,0,0,0,0,0,0,0,0,0,0,0,0,0,0,0,0,0,0,0,1,1,1,1,1,1,2,0,1,1,1,0,1,1,1,1,1,1,0,1,0,1,2,1,1,1,0,0,0,0,0,0,0,0,0,0,0,0,0,0,0,0,0,0,0,0,0,1,0,0,0,0,0,0,0,0,0,0,0,1,0,0,0,0,0,0,0,0,0,0,0,1,0,1,1,1,2,1,0,2,2,1,0,1,1,1,1,1,1,1,1,1,1,1,0,1,2,1,2,1,1,0,1,1,1,1,0,1,1,1,1,2,1,1,2,2,1,2,2,1,0,1,2,0,1,0,2,1,1,2,2,1,0,0,0,2,1
puppet-icinga2/spec/classes/influxdb_spec.rb_(Other)_,0,0,0,1,0,0,0,0,0,2,0,0,0,0,0,0,0,1,0,0,0,0,0,0,4,5,5,5,4,5,4,0,4,4,4,1,0,1,5,5,1,7,0,4,0,4,4,2,1,4,0,0,0,0,0,0,0,0,0,0,0,0,0,0,0,0,0,0,0,0,0,1,0,0,0,0,0,0,0,0,0,0,0,1,0,0,0,0,0,0,0,0,0,0,0,1,0,0,0,2,0,2,0,0,2,2,0,3,3,3,3,3,3,3,4,3,3,3,0,3,4,3,3,3,3,0,1,2,3,3,0,2,3,3,2,4,2,2,8,3,2,3,6,3,0,2,3,0,0,0,0,0,0,0,0,0,0,0,0,0,0
puppet-icinga2/spec/classes/pki_ca_spec.rb_(Other)_,0,0,0,1,0,0,0,0,0,0,0,0,0,0,0,0,0,0,0,0,0,0,0,0,1,1,1,1,1,3,1,0,1,1,1,1,1,0,1,1,1,1,0,1,0,1,1,1,1,1,0,0,0,0,0,0,0,0,0,0,0,0,0,0,0,0,0,0,0,0,0,1,0,0,0,0,0,0,0,0,0,0,0,1,0,0,0,0,0,0,0,0,0,0,0,1,0,0,0,1,1,0,0,0,0,0,0,1,1,1,1,1,1,1,1,1,1,1,0,1,1,1,1,1,1,0,0,0,0,0,0,0,0,0,0,2,0,0,1,1,0,1,1,0,0,0,2,0,1,0,0,0,0,0,0,0,0,0,0,0,0
puppet-icinga2/spec/classes/opentsdb_spec.rb_(Other)_,0,0,0,1,0,0,0,0,0,2,0,0,0,0,0,0,0,1,0,0,0,0,0,0,4,5,5,5,4,4,4,0,4,4,4,1,5,1,0,5,1,5,0,4,0,4,4,2,1,4,0,0,0,0,0,0,0,0,0,0,0,0,0,0,0,0,0,0,0,0,0,1,0,0,0,0,0,0,0,0,0,0,0,1,0,0,0,0,0,0,0,0,0,0,0,1,0,0,0,2,0,2,0,0,2,2,0,3,3,3,3,3,3,3,4,3,3,3,0,3,4,3,3,3,3,0,1,2,3,3,0,2,3,3,2,3,2,2,4,3,2,3,4,4,0,2,3,0,0,0,0,0,0,0,0,0,0,0,0,0,0
puppet-icinga2/spec/classes/graphite_spec.rb_(Other)_,0,0,0,1,0,0,0,0,0,2,0,0,0,0,0,0,0,1,0,0,0,0,0,0,4,5,5,5,4,4,4,0,4,4,4,1,5,1,5,0,1,5,0,4,0,4,4,2,1,4,0,0,0,0,0,0,0,0,0,0,0,0,0,0,0,0,0,0,0,0,0,1,0,0,0,0,0,0,0,0,0,0,0,1,0,0,0,0,0,0,0,0,0,0,0,1,0,0,0,2,0,2,0,0,2,2,0,3,3,3,3,3,3,3,4,3,3,3,0,3,4,3,3,3,3,0,1,2,4,3,0,2,3,5,2,3,2,2,4,3,2,3,4,3,0,2,3,0,0,0,0,0,0,0,0,0,0,0,0,0,0
puppet-icinga2/spec/classes/elasticsearch_spec.rb_(Other)_,0,0,0,1,0,0,0,0,0,0,0,0,0,0,0,0,0,0,0,0,0,0,0,0,1,1,1,1,1,1,1,0,1,1,1,1,1,1,1,1,0,1,0,1,0,1,1,1,1,1,0,0,0,0,0,0,0,0,0,0,0,0,0,0,0,0,0,0,0,0,0,1,0,0,0,0,0,0,0,0,0,0,0,1,0,0,0,0,0,0,0,0,0,0,0,1,0,0,0,0,0,0,0,0,0,0,0,1,1,1,1,1,1,1,1,1,1,1,0,1,1,1,1,1,1,0,5,0,0,0,0,0,0,0,0,1,0,0,1,1,0,1,1,0,0,0,1,0,0,0,0,0,0,0,0,0,0,0,0,0,0
puppet-icinga2/spec/classes/idomysql_spec.rb_(Other)_,0,0,0,1,0,0,0,0,0,2,0,0,0,0,0,0,0,1,0,0,0,0,0,0,4,5,7,5,4,5,4,0,4,4,4,1,7,1,5,5,1,0,0,4,0,4,4,2,1,4,0,0,0,0,0,0,0,0,0,1,0,0,0,0,0,0,0,0,0,0,0,1,0,1,0,0,0,0,0,0,0,0,0,1,0,0,0,0,0,0,0,0,0,0,0,2,0,0,0,3,0,2,0,0,3,2,0,4,4,4,4,4,4,4,5,4,4,4,0,3,4,4,4,4,4,0,1,2,3,3,0,2,5,3,2,3,2,2,5,3,2,3,13,3,0,2,3,0,0,0,0,0,0,0,0,0,0,0,0,0,0
puppet-icinga2/spec/classes/windowseventlog_spec.rb_(Other)_,0,0,0,0,0,0,0,0,0,0,0,0,0,0,0,0,0,0,0,0,0,0,0,0,0,0,0,0,0,0,0,0,0,0,0,0,0,0,0,0,0,0,0,0,0,0,0,0,0,0,0,0,0,0,0,0,0,0,0,0,0,0,0,0,0,0,0,0,0,0,0,0,0,0,0,0,0,0,0,0,0,0,0,0,0,0,0,0,0,0,0,0,0,0,0,0,0,0,0,0,0,0,0,0,0,0,0,0,0,0,0,0,0,0,0,0,0,0,0,0,0,0,0,0,0,0,0,0,0,0,0,0,0,0,0,0,0,0,0,0,0,0,0,0,0,0,0,0,0,0,0,0,0,0,0,0,0,0,0,0,0
puppet-icinga2/spec/classes/checker_spec.rb_(Other)_,0,0,0,1,0,0,0,0,0,2,0,0,0,0,0,0,0,1,0,0,0,0,0,0,4,4,4,4,4,4,5,0,4,4,4,1,4,1,4,4,1,4,0,0,0,4,4,2,1,5,0,0,0,0,0,0,0,0,0,0,0,0,0,0,0,0,0,0,0,0,0,1,0,0,0,0,0,0,0,0,0,0,0,1,0,0,0,0,0,0,0,0,0,0,0,1,0,0,0,2,0,3,0,0,3,2,0,3,3,3,3,3,3,3,3,3,3,3,0,3,3,3,3,3,3,0,1,3,2,2,0,3,2,2,3,3,3,3,3,4,3,4,3,2,0,3,3,0,0,0,0,0,0,0,0,0,0,0,0,0,0
puppet-icinga2/spec/classes/influxdb2_spec.rb_(Other)_,0,0,0,0,0,0,0,0,0,0,0,0,0,0,0,0,0,0,0,0,0,0,0,0,0,0,0,0,0,0,0,0,0,0,0,0,0,0,0,0,0,0,0,0,0,0,0,0,0,0,0,0,0,0,0,0,0,0,0,0,0,0,0,0,0,0,0,0,0,0,0,0,0,0,0,0,0,0,0,0,0,0,0,0,0,0,0,0,0,0,0,0,0,0,0,0,0,0,0,0,0,0,0,0,0,0,0,0,0,0,0,0,0,0,0,0,0,0,0,0,0,0,0,0,0,0,0,0,0,0,0,0,0,0,0,0,0,0,0,0,0,0,0,0,0,0,0,0,0,0,0,0,0,0,0,0,0,0,0,0,0
puppet-icinga2/spec/classes/statusdata_spec.rb_(Other)_,0,0,0,1,0,0,0,0,0,2,0,0,0,0,0,0,0,1,0,0,0,0,0,0,4,4,4,4,4,4,4,0,4,4,4,1,4,1,4,4,1,4,0,4,0,0,4,2,1,4,0,0,0,0,0,0,0,0,0,0,0,0,0,0,0,0,0,0,0,0,0,1,0,0,0,0,0,0,0,0,0,0,0,1,0,0,0,0,0,0,0,0,0,0,0,1,0,0,0,2,0,2,0,0,2,2,0,3,3,3,3,3,3,3,3,3,3,3,0,3,3,3,3,3,3,0,1,2,2,2,0,2,2,2,2,3,2,2,3,5,2,3,3,2,0,2,3,0,0,0,0,0,0,0,0,0,0,0,0,0,0
puppet-icinga2/spec/classes/debuglog_spec.rb_(Other)_,1,0,0,1,0,0,0,0,0,2,0,0,0,0,0,0,0,1,0,0,0,0,0,0,4,4,4,4,4,4,5,0,4,4,4,2,4,1,4,4,1,4,0,4,0,4,0,2,1,4,0,0,0,0,0,0,0,0,0,0,0,0,0,0,0,0,0,0,0,0,0,1,0,0,0,0,0,0,0,0,0,0,0,1,0,0,0,0,0,0,0,0,0,0,0,1,0,1,1,3,1,3,0,1,3,3,0,3,3,3,3,3,3,3,3,3,3,3,0,3,4,3,4,3,3,0,2,3,3,3,0,3,3,3,3,4,3,5,4,4,3,4,4,3,0,3,4,0,1,0,1,1,1,1,1,1,0,0,0,1,1
puppet-icinga2/spec/defines/fragment_spec.rb_(Other)_,0,0,0,1,0,0,0,0,0,0,0,0,0,0,0,0,0,1,0,0,0,0,0,0,2,2,2,2,2,2,2,0,2,2,2,1,2,1,2,2,1,2,0,2,0,2,2,0,1,2,0,0,0,0,0,0,0,0,0,0,0,0,0,0,0,0,0,0,0,0,0,1,0,0,0,0,0,0,0,0,0,0,0,1,0,0,0,0,0,0,0,0,0,0,0,1,0,0,0,0,0,0,0,0,0,1,0,1,1,1,1,1,1,1,1,1,1,1,0,1,1,1,1,1,1,0,1,0,0,0,0,0,0,0,0,1,0,0,1,1,0,1,1,0,0,0,1,0,0,0,0,0,0,0,0,0,0,0,0,0,0
puppet-icinga2/spec/defines/objects_spec.rb_(Other)_,0,0,0,1,0,0,0,0,0,0,0,0,0,0,0,0,0,0,0,0,0,0,0,0,1,1,1,1,1,1,1,0,1,1,1,1,1,1,1,1,1,1,0,1,0,1,1,1,0,1,0,0,0,0,0,0,0,0,0,0,0,0,0,0,0,0,0,0,0,0,0,1,0,0,0,0,0,0,0,0,0,0,0,1,0,0,0,0,0,0,0,0,0,0,0,1,0,0,0,0,0,0,0,0,0,0,0,1,1,1,1,1,1,1,1,1,1,1,0,1,1,1,1,1,1,0,0,0,0,0,0,0,0,0,0,1,0,0,1,1,0,1,1,0,0,0,1,0,0,0,0,0,0,0,0,0,0,0,0,0,0
puppet-icinga2/spec/defines/feature_spec.rb_(Other)_,0,0,0,1,0,0,0,0,0,2,0,0,0,0,0,0,0,1,0,0,0,0,0,0,4,4,4,4,4,4,5,0,4,4,4,1,4,1,4,4,1,4,0,5,0,4,4,2,1,0,0,0,0,0,0,0,0,0,0,0,0,0,0,0,0,0,0,0,0,0,0,1,0,0,0,0,0,0,0,0,0,0,0,1,0,0,0,0,0,0,0,0,0,0,0,1,0,0,0,2,0,3,0,0,3,2,0,3,3,3,3,3,3,3,3,3,3,3,0,3,3,3,3,3,3,0,1,3,2,2,0,3,2,2,3,3,3,3,3,4,3,4,3,2,0,3,3,0,0,0,0,0,0,0,0,0,0,0,0,0,0
puppet-icinga2/spec/functions/cert_spec.rb_(Other)_,0,0,0,1,0,0,1,0,1,0,0,1,0,1,1,0,1,0,0,0,0,0,0,0,0,0,0,0,0,0,0,1,0,0,0,0,0,0,0,0,0,0,0,0,0,0,0,0,0,0,0,1,0,0,1,1,1,1,1,1,1,1,1,1,0,1,1,1,0,0,1,1,1,1,0,1,0,1,1,1,1,1,0,0,0,0,0,0,1,1,0,1,0,0,0,0,0,1,1,1,1,1,0,1,1,1,1,1,1,1,1,1,1,1,1,1,1,1,1,1,1,1,1,1,1,1,1,1,1,1,1,1,1,1,1,1,1,1,1,1,1,1,1,1,1,1,1,0,0,0,0,0,1,1,0,1,1,1,0,0,0
puppet-icinga2/spec/functions/parse_spec.rb_(Other)_,0,0,0,1,0,0,1,0,1,0,0,1,0,1,1,0,1,0,0,0,0,0,0,0,0,0,0,0,0,0,0,1,0,0,0,0,0,0,0,0,0,0,0,0,0,0,0,0,0,0,1,0,0,0,1,1,1,1,1,1,1,1,1,1,0,1,1,1,0,0,1,1,1,1,0,1,0,1,1,1,1,1,0,0,0,0,0,0,1,1,0,1,0,0,0,0,0,1,1,1,1,1,0,1,1,1,1,1,1,1,1,1,1,1,1,1,1,1,1,1,1,1,1,1,1,1,1,1,1,1,1,1,1,1,1,1,1,1,1,1,1,1,1,1,1,1,1,0,0,0,0,0,1,1,0,1,1,1,0,0,0
puppet-icinga2/spec/functions/icinga2_ticket_id_spec.rb_(Other)_,0,0,0,0,0,0,0,0,0,0,0,0,0,0,0,0,0,0,0,0,0,0,0,0,0,0,0,0,0,0,0,0,0,0,0,0,0,0,0,0,0,0,0,0,0,0,0,0,0,0,0,0,0,0,0,0,0,0,0,0,0,0,0,0,0,0,0,0,0,0,0,0,0,0,0,0,0,0,0,0,0,0,0,0,0,0,0,0,0,0,0,0,0,0,0,0,0,0,0,0,0,0,0,0,0,0,0,0,0,0,0,0,0,0,0,0,0,0,0,0,0,0,0,0,0,0,0,0,0,0,0,0,0,0,0,0,0,0,0,0,0,0,0,0,0,0,0,0,0,0,0,0,0,0,0,0,0,0,0,0,0
puppet-icinga2/.devcontainer/devcontainer.json_(Other)_,0,0,0,0,0,0,0,0,0,0,0,0,0,0,0,0,0,0,0,0,0,0,0,0,0,0,0,0,0,0,0,0,0,0,0,0,0,0,0,0,0,0,0,0,0,0,0,0,0,0,0,0,0,0,0,0,0,0,0,0,0,0,0,0,0,0,0,0,0,0,0,0,0,0,0,0,0,0,0,0,0,0,0,0,0,0,0,0,0,0,0,0,0,0,0,0,0,0,0,0,0,0,0,0,0,0,0,0,0,0,0,0,0,0,0,0,0,0,0,0,0,0,0,0,0,0,0,0,0,0,0,0,0,0,0,0,0,0,0,0,0,0,0,0,0,0,0,0,0,0,0,0,0,0,0,0,0,0,0,0,0
puppet-icinga2/examples/init_icingadb.pp_(IaC)_,0,0,0,1,0,0,1,0,1,0,0,1,0,1,1,0,1,0,0,0,0,0,0,0,0,0,0,0,0,0,0,2,0,0,0,0,0,0,0,0,0,0,0,0,0,0,0,0,0,0,1,1,0,0,0,1,1,1,1,1,1,1,1,1,0,1,1,1,0,0,1,1,1,1,0,1,0,1,1,1,1,1,0,0,0,0,0,0,1,1,0,1,0,0,0,0,0,1,1,1,1,1,0,1,1,1,1,1,1,1,1,1,1,1,1,1,1,1,1,1,1,1,1,1,1,1,1,1,1,1,1,1,1,1,1,1,1,1,1,1,1,1,1,1,2,1,1,0,0,0,0,0,1,1,0,1,1,1,0,0,0
puppet-icinga2/examples/init_elasticsearch.pp_(IaC)_,0,0,0,1,0,0,1,0,1,0,0,1,0,1,1,0,1,0,0,0,0,0,0,0,0,0,0,0,0,0,0,1,0,0,0,0,0,0,0,0,0,0,0,0,0,0,0,0,0,0,1,1,0,0,1,0,1,1,1,1,1,1,1,1,0,1,1,1,0,0,1,1,1,1,0,1,0,1,1,1,1,1,0,0,0,0,0,0,1,1,0,1,0,0,0,0,0,1,1,1,1,1,0,1,1,1,1,1,1,1,1,1,1,1,1,1,1,1,1,1,1,1,1,1,1,1,1,1,1,1,1,1,1,1,1,1,1,1,1,1,1,1,1,1,1,1,1,0,0,0,0,0,1,1,0,1,1,1,0,0,0
puppet-icinga2/examples/init_package_idomysql.pp_(IaC)_,0,0,0,1,0,0,1,0,1,0,0,1,0,1,1,0,1,0,0,0,0,0,0,0,0,0,0,0,0,0,0,1,0,0,0,0,0,0,0,0,0,0,0,0,0,0,0,0,0,0,1,1,0,0,1,1,0,1,1,1,1,1,1,1,0,1,1,3,0,0,1,1,1,1,0,1,0,1,3,1,1,1,0,0,0,0,0,0,1,1,0,1,0,0,0,0,0,1,1,1,1,1,0,2,3,1,1,1,1,1,1,1,1,1,1,1,1,1,1,1,1,1,1,1,1,1,1,1,1,1,1,1,2,1,1,1,1,1,1,1,1,1,2,1,1,1,1,0,0,0,0,0,1,1,0,1,1,1,0,0,0
puppet-icinga2/examples/init_server.pp_(IaC)_,0,0,0,1,0,0,1,0,1,0,0,1,0,1,1,0,1,0,0,0,0,0,0,0,0,0,0,0,0,0,0,1,0,0,0,0,0,0,0,0,0,0,0,0,0,0,0,0,0,0,1,1,0,0,1,1,1,0,1,1,1,1,1,1,0,1,1,1,0,0,1,1,1,1,0,1,0,1,1,1,1,1,0,0,0,0,0,0,1,1,0,1,0,0,0,0,0,1,1,1,1,1,0,1,1,1,1,1,1,1,1,1,1,1,1,1,1,1,1,1,1,1,1,1,1,1,1,1,1,1,1,1,1,1,1,1,1,1,1,1,1,1,1,1,1,1,1,0,0,0,0,0,1,1,0,1,1,1,0,0,0
puppet-icinga2/examples/apply_service.pp_(IaC)_,0,0,0,1,0,0,1,0,1,0,0,1,0,1,1,0,1,0,0,0,0,0,0,0,0,0,0,0,0,0,0,1,0,0,0,0,0,0,0,0,0,0,0,0,0,0,0,0,0,0,1,1,0,0,1,1,1,1,0,1,1,1,1,1,0,1,1,1,0,0,1,1,1,1,0,1,0,1,1,1,1,1,0,0,0,0,0,0,1,1,0,1,0,0,0,1,0,1,1,2,1,1,0,1,1,1,1,1,1,1,2,1,1,1,1,2,1,1,1,1,1,1,1,1,1,1,1,1,1,1,1,1,1,1,1,1,1,1,1,1,1,1,1,1,1,1,1,0,0,0,0,0,1,1,0,1,1,1,0,0,0
puppet-icinga2/examples/init_idomysql.pp_(IaC)_,0,0,0,2,0,0,1,0,1,0,0,1,0,1,1,0,1,0,0,0,0,0,0,0,0,0,0,0,0,0,0,1,0,0,0,0,0,0,0,0,0,1,0,0,0,0,0,0,0,0,1,1,0,0,1,1,1,1,1,0,1,2,1,1,2,3,1,1,1,0,2,3,1,4,1,1,1,2,1,3,1,1,0,0,0,0,0,0,1,1,0,1,0,0,0,0,0,1,1,1,1,1,0,1,1,1,1,1,1,1,1,1,1,1,1,1,1,1,1,1,1,1,1,1,1,1,1,1,1,1,1,1,1,1,1,1,1,1,1,1,1,1,2,1,1,1,1,0,0,0,0,0,1,1,0,1,1,1,0,0,0
puppet-icinga2/examples/init_worker.pp_(IaC)_,0,0,0,1,0,0,1,0,1,0,0,1,0,1,1,0,1,0,0,0,0,0,0,0,0,0,0,0,0,0,0,1,0,0,0,0,0,0,0,0,0,0,0,0,0,0,0,0,0,0,1,1,0,0,1,1,1,1,1,1,0,1,1,1,0,1,1,1,0,0,1,1,1,1,0,1,0,1,1,1,1,1,0,0,0,0,0,0,1,1,0,1,0,0,0,0,0,1,1,1,1,1,0,1,1,1,1,1,1,1,1,1,1,1,1,1,1,1,1,1,1,1,1,1,1,1,1,1,1,1,1,1,1,1,1,1,1,1,1,1,1,1,1,1,1,1,1,0,0,0,0,0,1,1,0,1,1,1,0,0,0
puppet-icinga2/examples/init_idomysql_ssl.pp_(IaC)_,0,0,0,2,0,0,1,0,1,0,0,1,0,1,1,0,1,0,0,0,0,0,0,0,0,0,0,0,0,0,0,1,0,0,0,0,0,0,0,0,0,0,0,0,0,0,0,0,0,0,1,1,0,0,1,1,1,1,1,2,1,0,1,1,1,2,1,1,0,0,2,2,1,2,0,1,0,2,1,2,1,1,0,0,0,0,0,0,1,1,0,1,0,0,0,0,0,1,1,1,1,1,0,1,1,1,1,1,1,1,1,1,1,1,1,1,1,1,1,1,1,1,1,1,1,1,1,1,1,1,1,1,1,1,1,1,1,1,1,1,1,1,1,1,1,1,1,0,0,0,0,0,1,1,0,1,1,1,0,0,0
puppet-icinga2/examples/init_influxdb2.pp_(IaC)_,0,0,0,1,0,0,1,0,1,0,0,1,0,1,1,0,1,0,0,0,0,0,0,0,0,0,0,0,0,0,0,1,0,0,0,0,0,0,0,0,0,0,0,0,0,0,0,0,0,0,1,1,0,0,1,1,1,1,1,1,1,1,0,1,0,1,1,1,0,0,1,1,1,1,0,1,0,1,1,1,1,1,0,0,0,0,0,0,1,1,0,1,0,0,0,0,0,1,1,1,1,1,0,1,1,1,1,1,1,1,1,1,1,1,1,1,1,1,1,1,1,1,1,1,1,1,1,1,1,1,1,1,1,1,1,1,1,1,1,1,1,1,1,1,1,1,1,0,0,0,0,0,1,1,0,1,1,1,0,0,0
puppet-icinga2/examples/hostgroup.pp_(IaC)_,0,0,0,1,0,0,1,0,1,0,0,1,0,1,1,0,1,0,0,0,0,0,0,0,0,0,0,0,0,0,0,1,0,0,0,0,0,0,0,0,0,0,0,0,0,0,0,0,0,0,1,1,0,0,1,1,1,1,1,1,1,1,1,0,0,1,1,1,0,0,1,1,1,1,0,1,0,1,1,1,1,1,0,1,0,0,0,0,1,1,0,1,0,0,0,0,0,1,1,1,1,1,0,1,1,1,1,1,1,1,1,1,1,1,1,1,1,2,1,1,1,1,1,1,1,1,1,1,1,1,1,1,1,1,1,1,1,1,1,1,1,1,1,1,1,1,1,0,0,0,0,0,1,1,0,1,1,1,0,0,0
puppet-icinga2/examples/init_confd.pp_(IaC)_,0,0,0,1,0,0,0,0,0,0,0,0,0,0,0,0,0,0,0,0,0,0,0,0,0,0,0,0,0,0,0,0,0,0,0,0,0,0,0,0,0,0,0,0,0,0,0,0,0,0,0,0,0,0,0,0,0,0,0,2,0,1,0,0,0,2,0,0,1,0,1,2,0,2,1,0,1,1,0,2,0,0,0,0,0,0,0,0,0,0,0,0,0,0,0,0,0,0,0,0,0,0,0,0,0,0,0,0,0,0,0,0,0,0,0,0,0,0,0,0,0,0,0,0,0,0,0,0,0,0,0,0,0,0,0,0,0,0,0,0,0,0,0,0,0,0,0,0,0,0,0,0,0,0,0,0,0,0,0,0,0
puppet-icinga2/examples/init_influxdb.pp_(IaC)_,0,0,0,2,0,0,1,0,1,0,0,1,0,1,1,0,1,0,0,0,0,0,0,0,0,0,0,0,0,0,0,1,0,0,0,0,0,0,0,0,0,0,0,0,0,0,0,0,0,0,1,1,0,0,1,1,1,1,1,3,1,2,1,1,2,0,1,1,1,0,2,3,1,3,1,1,1,2,1,3,1,1,0,0,0,0,0,0,1,1,0,1,0,0,0,0,0,1,1,1,1,1,0,1,1,1,1,1,1,1,1,1,1,1,1,1,1,1,1,1,1,1,1,1,1,1,1,1,1,1,1,1,1,1,1,1,1,1,1,1,1,1,1,1,1,1,1,0,0,0,0,0,1,1,0,1,1,1,0,0,0
puppet-icinga2/examples/ticket_id.pp_(IaC)_,0,0,0,1,0,0,1,0,1,0,0,1,0,1,1,0,1,0,0,0,0,0,0,0,0,0,0,0,0,0,0,1,0,0,0,0,0,0,0,0,0,0,0,0,0,0,0,0,0,0,1,1,0,0,1,1,1,1,1,1,1,1,1,1,0,1,0,1,0,0,1,1,1,1,0,1,0,1,1,1,1,1,0,0,0,0,0,0,1,1,0,1,0,0,0,0,0,1,1,1,1,1,0,1,2,1,1,1,1,1,1,1,1,1,1,1,1,1,1,1,1,1,1,1,1,1,1,1,1,1,1,1,1,1,1,3,1,1,1,1,1,1,1,1,1,1,1,0,0,0,0,0,1,1,0,1,1,1,0,0,0
puppet-icinga2/examples/init_package_idopgsql.pp_(IaC)_,0,0,0,1,0,0,1,0,1,0,0,1,0,1,1,0,1,0,0,0,0,0,0,0,0,0,0,0,0,0,0,1,0,0,0,0,0,0,0,0,0,0,0,0,0,0,0,0,0,0,1,1,0,0,1,1,3,1,1,1,1,1,1,1,0,1,1,0,0,0,1,1,1,1,0,1,0,1,3,1,1,1,0,0,0,0,0,0,1,1,0,1,0,0,0,0,0,1,1,1,1,1,0,2,3,1,1,1,1,1,1,1,1,1,1,1,1,1,1,1,1,1,1,1,1,1,1,1,1,1,1,1,2,1,1,1,1,1,1,1,1,1,2,1,1,1,1,0,0,0,0,0,1,1,0,1,1,1,0,0,0
puppet-icinga2/examples/init_file.pp_(IaC)_,0,0,0,0,0,0,0,0,0,0,0,0,0,0,0,0,0,0,0,0,0,0,0,0,0,0,0,0,0,0,0,0,0,0,0,0,0,0,0,0,0,0,0,0,0,0,0,0,0,0,0,0,0,0,0,0,0,0,0,1,0,0,0,0,1,1,0,0,0,0,0,1,0,1,1,0,1,0,0,1,0,0,0,0,0,0,0,0,0,0,0,0,0,0,0,0,0,0,0,0,0,0,0,0,0,0,0,0,0,0,0,0,0,0,0,0,0,0,0,0,0,0,0,0,0,0,0,0,0,0,0,0,0,0,0,0,0,0,0,0,0,0,0,0,0,0,0,0,0,0,0,0,0,0,0,0,0,0,0,0,0
puppet-icinga2/examples/init_repos.pp_(IaC)_,0,0,0,0,0,0,0,0,0,0,0,0,0,0,0,0,0,0,0,0,0,0,0,0,0,0,0,0,0,0,0,0,0,0,0,0,0,0,0,0,0,0,0,0,0,0,0,0,0,0,0,0,0,0,0,0,0,0,0,0,0,0,0,0,0,0,0,0,0,0,0,0,0,0,0,0,0,0,0,0,0,0,0,0,0,0,0,0,0,0,0,0,0,0,0,0,0,0,0,0,0,0,0,0,0,0,0,0,0,0,0,0,0,0,0,0,0,0,0,0,0,0,0,0,0,0,0,0,0,0,0,0,0,0,0,0,0,0,0,0,0,0,0,0,0,0,0,0,0,0,0,0,0,0,0,0,0,0,0,0,0
puppet-icinga2/examples/init_syslog.pp_(IaC)_,0,0,0,2,0,0,1,0,1,0,0,1,0,1,1,0,1,0,0,0,0,0,0,0,0,0,0,0,0,0,0,1,0,0,0,0,0,0,0,0,0,0,0,0,0,0,0,0,0,0,1,1,0,0,1,1,1,1,1,2,1,2,1,1,1,2,1,1,0,0,0,2,1,2,0,1,0,2,1,2,1,1,0,0,0,0,0,0,1,1,0,1,0,0,0,0,0,1,1,1,1,1,0,1,1,1,1,1,1,1,1,1,1,1,1,1,1,1,1,1,1,1,1,1,1,1,1,1,1,1,1,1,1,1,1,1,1,1,1,1,2,1,1,1,1,1,1,0,0,0,0,0,1,1,0,1,1,1,0,0,0
puppet-icinga2/examples/init_api.pp_(IaC)_,0,0,0,3,0,0,1,0,1,0,0,1,0,1,1,0,1,0,0,0,0,0,0,0,1,1,1,1,1,1,1,1,1,1,1,1,1,1,1,1,1,1,0,1,0,1,1,1,1,1,1,1,0,0,1,1,1,1,1,3,1,2,1,1,2,3,1,1,1,0,2,0,1,3,1,1,1,2,1,3,1,1,0,1,0,0,0,0,1,1,0,1,0,0,0,1,0,1,1,1,1,1,0,1,1,1,1,3,2,2,2,2,2,2,2,2,2,2,1,2,2,2,2,2,2,1,1,1,1,1,1,1,1,1,1,2,1,1,2,2,1,2,2,1,1,1,2,0,0,0,0,0,1,1,0,1,1,1,0,0,0
puppet-icinga2/examples/example_service_mysql.pp_(IaC)_,0,0,0,1,0,0,1,0,1,0,0,1,0,1,1,0,1,0,0,0,0,0,0,0,0,0,0,0,0,0,0,1,0,0,0,0,0,0,0,0,0,0,0,0,0,0,0,0,0,0,1,1,0,0,1,1,1,1,1,1,1,1,1,1,0,1,1,1,0,0,1,1,0,1,0,1,0,1,1,1,1,1,0,0,0,0,0,0,1,1,0,1,0,0,0,0,0,1,1,1,1,1,0,1,1,1,1,1,1,1,1,1,1,1,1,1,1,1,1,1,1,1,1,1,1,1,1,1,1,1,1,1,1,1,1,1,1,1,1,1,1,1,1,1,1,1,1,0,0,0,0,0,1,1,0,1,1,1,0,0,0
puppet-icinga2/examples/init_idopgsql.pp_(IaC)_,0,0,0,2,0,0,1,0,1,0,0,1,0,1,1,0,1,0,0,0,0,0,0,0,0,0,1,0,0,0,0,1,0,0,0,0,0,0,0,0,0,1,0,0,0,0,0,0,0,0,1,1,0,0,1,1,1,1,1,4,1,2,1,1,2,3,1,1,1,0,2,3,1,0,1,1,1,2,1,3,1,1,0,0,0,0,0,0,1,1,0,1,0,0,0,0,0,1,1,1,1,1,0,1,1,1,1,1,1,1,1,1,1,1,1,1,1,1,1,1,1,1,1,1,1,1,1,1,1,1,1,1,3,1,1,1,1,1,1,1,1,1,3,1,1,1,1,0,0,0,0,0,1,1,0,1,1,1,0,0,0
puppet-icinga2/examples/init_command.pp_(IaC)_,0,0,0,0,0,0,0,0,0,0,0,0,0,0,0,0,0,0,0,0,0,0,0,0,0,0,0,0,0,0,0,0,0,0,0,0,0,0,0,0,0,0,0,0,0,0,0,0,0,0,0,0,0,0,0,0,0,0,0,1,0,0,0,0,1,1,0,0,1,0,0,1,0,1,0,0,1,0,0,1,0,0,0,0,0,0,0,0,0,0,0,0,0,0,0,0,0,0,0,0,0,0,0,0,0,0,0,0,0,0,0,0,0,0,0,0,0,0,0,0,0,0,0,0,0,0,0,0,0,0,0,0,0,0,0,0,0,0,0,0,0,0,0,0,0,0,0,0,0,0,0,0,0,0,0,0,0,0,0,0,0
puppet-icinga2/examples/init_worker_validate.pp_(IaC)_,0,0,0,1,0,0,1,0,1,0,0,1,0,1,1,0,1,0,0,0,0,0,0,0,0,0,0,0,0,0,0,1,0,0,0,0,0,0,0,0,0,0,0,0,0,0,0,0,0,0,1,1,0,0,1,1,1,1,1,1,1,1,1,1,0,1,1,1,0,0,1,1,1,1,0,0,0,1,1,1,1,1,0,0,0,0,0,0,1,1,0,1,0,0,0,0,0,1,1,1,1,1,0,1,1,1,1,1,1,1,1,1,1,1,1,1,1,1,1,1,1,1,1,1,1,1,1,1,1,1,1,1,1,1,1,1,1,1,1,1,1,1,1,1,1,1,1,0,0,0,0,0,1,1,0,1,1,1,0,0,0
puppet-icinga2/examples/init.pp_(IaC)_,0,0,0,0,0,0,0,0,0,0,0,0,0,0,0,0,0,0,0,0,0,0,0,0,0,0,0,0,0,0,0,0,0,0,0,0,0,0,0,0,0,0,0,0,0,0,0,0,0,0,0,0,0,0,0,0,0,0,0,1,0,0,0,0,1,1,0,0,1,0,0,1,0,1,1,0,0,0,0,1,0,0,0,0,0,0,0,0,0,0,0,0,0,0,0,0,0,0,0,0,0,0,0,0,0,0,0,0,0,0,0,0,0,0,0,0,0,0,0,0,0,0,0,0,0,0,0,0,0,0,0,0,0,0,0,0,0,0,0,0,0,0,0,0,0,0,0,0,0,0,0,0,0,0,0,0,0,0,0,0,0
puppet-icinga2/examples/objects_from_hiera.pp_(IaC)_,0,0,0,2,0,0,1,0,1,0,0,1,0,1,1,0,1,0,0,0,0,0,0,0,0,0,0,0,0,0,0,1,0,0,0,0,0,0,0,0,0,0,0,0,0,0,0,0,0,0,1,1,0,0,1,1,1,1,1,2,1,2,1,1,1,2,1,1,0,0,2,2,1,2,0,1,0,0,1,2,1,1,0,0,0,0,0,0,1,1,0,1,0,0,0,0,0,1,1,1,1,1,0,1,1,1,1,1,1,1,1,1,1,1,1,1,1,1,1,1,1,1,1,1,1,1,1,1,1,1,1,1,1,1,1,1,1,1,1,1,1,1,1,1,1,1,1,0,0,0,0,0,1,1,0,1,1,1,0,0,0
puppet-icinga2/examples/init_package.pp_(IaC)_,0,0,0,1,0,0,1,0,1,0,0,1,0,1,1,0,1,0,0,0,0,0,0,0,0,0,0,0,0,0,0,1,0,0,0,0,0,0,0,0,0,0,0,0,0,0,0,0,0,0,1,1,0,0,1,1,3,1,1,1,1,1,1,1,0,1,1,3,0,0,1,1,1,1,0,1,0,1,0,1,1,1,0,0,0,0,0,0,1,1,0,1,0,0,0,0,0,1,1,1,1,1,0,2,3,1,1,1,1,1,1,1,1,1,1,1,1,1,1,1,1,1,1,1,1,1,1,1,1,1,1,1,2,1,1,1,1,1,1,1,1,1,2,1,1,1,1,0,0,0,0,0,1,1,0,1,1,1,0,0,0
puppet-icinga2/examples/init_plugins.pp_(IaC)_,0,0,0,2,0,0,1,0,1,0,0,1,0,1,1,0,1,0,0,0,0,0,0,0,0,0,0,0,0,0,0,1,0,0,0,0,0,0,0,0,0,0,0,0,0,0,0,0,0,0,1,1,0,0,1,1,1,1,1,3,1,2,1,1,2,3,1,1,1,0,2,3,1,3,1,1,1,2,1,0,1,1,0,0,0,0,0,0,1,1,0,1,0,0,0,0,0,1,1,1,1,1,0,1,1,1,1,1,1,1,1,1,1,1,1,1,1,1,1,1,1,1,1,1,1,1,1,1,1,1,1,1,1,1,1,1,1,1,1,1,1,1,1,1,1,1,1,0,0,0,0,0,1,1,0,1,1,1,0,0,0
puppet-icinga2/examples/example_config.pp_(IaC)_,0,0,0,1,0,0,1,0,1,0,0,1,0,1,1,0,1,0,0,0,0,0,0,0,0,0,0,0,0,0,0,1,0,0,0,0,0,0,0,0,0,0,0,0,0,0,0,0,0,0,1,1,0,0,1,1,1,1,1,1,1,1,1,1,0,1,1,1,0,0,1,1,1,1,0,1,0,1,1,1,0,1,0,1,0,0,0,0,1,1,0,1,0,0,0,0,0,1,1,1,1,1,0,1,1,1,1,1,1,1,2,1,1,1,1,1,1,1,1,1,1,1,1,1,1,1,1,1,1,1,1,1,1,1,1,1,1,1,1,1,1,1,1,1,1,1,1,0,0,0,0,0,1,1,0,1,1,1,0,0,0
puppet-icinga2/.github/workflows/ci.yml_(Other)_,0,0,0,1,0,0,1,0,1,0,0,1,0,1,1,0,1,0,0,0,0,0,0,0,0,0,0,0,0,0,0,1,0,0,0,0,0,0,0,0,0,0,0,0,0,0,0,0,0,0,1,1,0,0,1,1,1,1,1,1,1,1,1,1,0,1,1,1,0,0,1,1,1,1,0,1,0,1,1,1,1,0,0,0,0,0,0,0,1,1,0,1,0,0,0,0,0,1,1,1,1,1,0,1,1,1,1,1,1,1,1,1,1,1,1,1,1,1,1,1,1,1,1,1,1,1,1,1,1,1,1,1,1,1,1,1,1,1,1,1,1,1,1,1,1,1,1,0,0,0,0,0,1,1,0,1,1,1,0,0,0
puppet-icinga2/lib/puppet_x/icinga2/pbkdf2.rb_(Other)_,0,0,0,0,0,0,0,0,0,0,0,0,0,0,0,0,0,0,0,0,0,0,0,0,0,0,0,0,0,0,0,0,0,0,0,0,0,0,0,0,0,0,0,0,0,0,0,0,0,0,0,0,0,0,0,0,0,0,0,0,0,0,0,0,0,0,0,0,0,0,0,0,0,0,0,0,0,0,0,0,0,0,0,0,0,0,0,0,0,0,0,0,0,0,0,0,0,0,0,0,0,0,0,0,0,0,0,0,0,0,0,0,0,0,0,0,0,0,0,0,0,0,0,0,0,0,0,0,0,0,0,0,0,0,0,1,0,0,0,0,0,0,0,0,0,0,0,0,0,0,0,0,0,0,0,0,0,0,0,0,0
puppet-icinga2/lib/puppet_x/icinga2/utils.rb_(Other)_,0,0,0,1,0,0,0,0,0,0,0,0,0,0,0,0,0,0,0,0,0,0,0,0,1,1,1,1,1,1,1,0,1,1,1,1,1,1,1,1,1,1,0,1,0,1,1,1,1,1,0,0,0,0,0,0,0,0,0,0,0,0,0,1,0,0,0,0,0,0,0,1,0,0,0,0,0,0,0,0,1,0,0,0,0,0,0,0,0,0,0,0,0,0,0,3,0,2,2,4,0,2,0,2,2,2,0,4,4,4,5,4,4,4,4,4,4,5,0,4,4,4,4,4,5,0,0,2,2,2,0,2,2,2,2,3,2,2,3,3,2,3,3,2,0,2,3,0,0,0,0,0,0,0,0,0,0,0,0,0,0
puppet-icinga2/lib/facter/icinga2_version.rb_(Other)_,0,0,0,0,0,0,0,0,0,0,0,0,0,0,0,0,0,0,0,0,0,0,0,0,0,0,0,0,0,0,0,0,0,0,0,0,0,0,0,0,0,0,0,0,0,0,0,0,0,0,0,0,0,0,0,0,0,0,0,0,0,0,0,0,0,0,0,0,0,0,0,0,0,0,0,0,0,0,0,0,0,0,0,0,0,0,0,0,0,0,0,0,0,0,0,0,0,0,0,0,0,0,0,0,0,0,0,0,0,0,0,0,0,0,0,0,0,0,0,0,0,0,0,0,0,0,0,0,0,0,0,0,0,0,0,0,0,0,0,0,0,0,0,0,0,0,0,0,0,0,0,0,0,0,0,0,0,0,0,0,0
puppet-icinga2/lib/facter/icinga2_puppet.rb_(Other)_,0,0,0,0,0,0,0,0,0,0,0,0,0,0,0,0,0,0,0,0,0,0,0,0,0,0,0,0,0,0,0,0,0,0,0,0,0,0,0,0,0,0,0,0,0,0,0,0,0,0,0,0,0,0,0,0,0,0,0,0,0,0,0,0,0,0,0,0,0,0,0,0,0,0,0,0,0,0,0,0,0,0,0,0,0,0,0,0,0,0,0,0,0,0,0,0,0,0,0,0,0,0,0,0,0,0,0,0,0,0,0,0,0,0,0,0,0,0,0,0,0,0,0,0,0,0,0,0,0,0,0,0,0,0,0,1,0,0,0,0,0,0,0,0,0,0,0,0,0,0,0,0,0,0,0,0,0,0,0,0,0
puppet-icinga2/lib/puppet/functions/icinga2/icinga2_ticket_id.rb_(Other)_,0,0,0,0,0,0,0,0,0,0,0,0,0,0,0,0,0,0,0,0,0,0,0,0,0,0,0,0,0,0,0,0,0,0,0,0,0,0,0,0,0,0,0,0,0,0,0,0,0,0,0,0,0,0,0,0,0,0,0,0,0,0,0,0,0,0,0,0,0,0,0,0,0,0,0,0,0,0,0,0,0,0,0,0,0,0,0,0,0,0,0,0,0,0,0,0,0,0,0,0,0,0,0,0,0,0,0,0,0,0,0,0,0,0,0,0,0,0,0,0,0,0,0,0,0,0,0,0,0,0,0,0,0,0,0,0,0,0,0,0,0,0,0,0,0,0,0,0,0,0,0,0,0,0,0,0,0,0,0,0,0
puppet-icinga2/lib/puppet/functions/icinga2/icinga2_attributes.rb_(Other)_,0,0,0,0,0,0,0,0,0,0,0,0,0,0,0,0,0,0,0,0,0,0,0,0,0,0,0,0,0,0,0,0,0,0,0,0,0,0,0,0,0,0,0,0,0,0,0,0,0,0,0,0,0,0,0,0,0,0,0,0,0,0,0,0,0,0,0,0,0,0,0,0,0,0,0,0,0,0,0,0,0,0,0,0,0,0,0,0,0,0,0,0,0,0,0,0,0,0,0,0,0,0,0,0,0,0,0,0,0,0,0,0,0,0,0,0,0,0,0,0,0,0,0,0,0,0,0,0,0,0,0,0,0,0,0,0,0,0,0,0,0,0,0,0,0,0,0,0,0,0,0,0,0,0,0,0,0,0,0,0,0
puppet-icinga2/functions/unwrap.pp_(IaC)_,0,0,0,1,0,0,1,0,1,0,0,1,0,1,1,0,1,0,0,0,0,0,0,0,0,0,0,0,0,0,0,1,0,0,0,0,0,0,0,0,0,0,0,0,0,0,0,0,0,0,1,1,0,0,1,1,1,1,1,1,1,1,1,1,0,1,1,1,0,0,1,1,1,1,0,1,0,1,1,1,1,1,0,0,0,0,0,0,0,1,0,1,0,0,0,0,0,1,1,1,1,1,0,1,1,1,1,1,1,1,1,1,1,1,1,1,1,1,1,1,1,1,1,1,1,1,1,1,1,1,1,1,1,1,1,1,1,1,1,1,1,1,1,1,1,1,1,0,0,0,0,0,1,1,0,1,1,1,0,0,0
puppet-icinga2/functions/cert.pp_(IaC)_,0,0,0,1,0,0,1,0,1,0,0,1,0,1,1,0,1,0,0,0,0,0,0,0,0,0,0,0,0,0,0,1,0,0,0,0,0,0,0,0,0,0,0,0,0,0,0,0,0,0,1,1,0,0,1,1,1,1,1,1,1,1,1,1,0,1,1,1,0,0,1,1,1,1,0,1,0,1,1,1,1,1,0,0,0,0,0,0,1,0,0,1,0,0,0,0,0,1,1,1,1,1,0,1,1,1,1,1,1,1,1,1,1,1,1,1,1,1,1,1,1,1,1,1,1,1,1,1,1,1,1,1,1,1,1,1,1,1,1,1,1,1,1,1,1,1,1,0,0,0,0,0,1,1,0,1,1,1,0,0,0
puppet-icinga2/functions/newline.pp_(IaC)_,0,0,0,0,0,0,0,0,0,0,0,0,0,0,0,0,0,0,0,0,0,0,0,0,0,0,0,0,0,0,0,0,0,0,0,0,0,0,0,0,0,0,0,0,0,0,0,0,0,0,0,0,0,0,0,0,0,0,0,0,0,0,0,0,0,0,0,0,0,0,0,0,0,0,0,0,0,0,0,0,0,0,0,0,0,0,0,0,0,0,0,0,0,0,0,0,0,0,0,0,0,0,0,0,0,0,0,0,0,0,0,0,0,0,0,0,0,0,0,0,0,0,0,0,0,0,0,0,0,0,0,0,0,0,0,0,0,0,0,0,0,0,0,0,0,0,0,0,0,0,0,0,0,0,0,0,0,0,0,0,0
puppet-icinga2/functions/parse.pp_(IaC)_,0,0,0,1,0,0,1,0,1,0,0,1,0,1,1,0,1,0,0,0,0,0,0,0,0,0,0,0,0,0,0,1,0,0,0,0,0,0,0,0,0,0,0,0,0,0,0,0,0,0,1,1,0,0,1,1,1,1,1,1,1,1,1,1,0,1,1,1,0,0,1,1,1,1,0,1,0,1,1,1,1,1,0,0,0,0,0,0,1,1,0,0,0,0,0,0,0,1,1,1,1,1,0,1,1,1,1,1,1,1,1,1,1,1,1,1,1,1,1,1,1,1,1,1,1,1,1,1,1,1,1,1,1,1,1,1,1,1,1,1,1,1,1,1,1,1,1,0,0,0,0,0,1,1,0,1,1,1,0,0,0
puppet-icinga2/functions/db/connect.pp_(IaC)_,0,0,0,0,0,0,0,0,0,0,0,0,0,0,0,0,0,0,0,0,0,0,0,0,0,0,0,0,0,0,0,0,0,0,0,0,0,0,0,0,0,0,0,0,0,0,0,0,0,0,0,0,0,0,0,0,0,0,0,0,0,0,0,0,0,0,0,0,0,0,0,0,0,0,0,0,0,0,0,0,0,0,0,0,0,0,0,0,0,0,0,0,0,0,0,0,0,0,0,0,0,0,0,0,0,0,0,0,0,0,0,0,0,0,0,0,0,0,0,0,0,0,0,0,0,0,0,0,0,0,0,0,0,0,0,0,0,0,0,0,0,0,0,0,0,0,0,0,0,0,0,0,0,0,0,0,0,0,0,0,0
puppet-icinga2/templates/object.conf.epp_(Other)_,0,0,0,0,0,0,0,0,0,0,0,0,0,0,0,0,0,0,0,0,0,0,0,0,0,0,0,0,0,0,0,0,0,0,0,0,0,0,0,0,0,0,0,0,0,0,0,0,0,0,0,0,0,0,0,0,0,0,0,0,0,0,0,0,0,0,0,0,0,0,0,0,0,0,0,0,0,0,0,0,0,0,0,0,0,0,0,0,0,0,0,0,0,0,0,0,0,0,0,0,0,0,0,0,0,0,0,0,0,0,0,0,0,0,0,0,0,0,0,0,0,0,0,0,0,0,0,0,0,0,0,0,0,0,0,0,0,0,0,0,0,0,0,0,0,0,0,0,0,0,0,0,0,0,0,0,0,0,0,0,0
puppet-icinga2/templates/icinga2.conf.erb_(Other)_,0,0,0,0,0,0,0,0,0,0,0,0,0,0,0,0,0,0,0,0,0,0,0,0,0,0,0,0,0,0,0,0,0,0,0,0,0,0,0,0,0,0,0,0,0,0,0,0,0,0,0,0,0,0,0,0,0,0,0,0,0,0,0,0,0,0,0,0,0,0,0,0,0,0,0,0,0,0,0,0,0,0,0,0,0,0,0,0,0,0,0,0,0,0,0,0,0,0,2,0,0,0,0,1,2,0,0,0,0,0,0,0,0,0,0,0,0,0,0,0,0,0,0,0,0,0,0,0,0,0,0,0,0,0,0,0,0,0,0,0,0,0,0,0,0,0,0,0,0,0,0,0,0,0,0,0,0,0,0,0,0
puppet-icinga2/templates/object.conf.erb_(Other)_,0,0,0,1,0,0,0,0,0,0,0,0,0,0,0,0,0,0,0,0,0,0,0,0,1,1,2,1,1,1,1,0,1,1,1,1,1,1,1,1,1,2,0,1,0,1,1,1,1,1,0,0,0,0,0,0,0,0,1,0,0,0,0,0,0,0,0,0,0,0,0,1,0,0,0,0,0,0,0,0,0,0,0,3,0,0,0,0,0,0,0,0,0,0,0,0,0,0,1,14,0,0,0,0,2,0,0,3,3,3,6,3,3,4,3,5,3,3,0,2,4,3,4,4,3,0,0,0,0,0,0,0,1,0,0,2,0,0,1,1,0,1,2,0,0,0,1,0,0,0,0,0,0,0,0,0,0,0,0,0,0
puppet-icinga2/templates/objects.epp_(Other)_,0,0,0,0,0,0,0,0,0,0,0,0,0,0,0,0,0,0,0,0,0,0,0,0,0,0,0,0,0,0,0,0,0,0,0,0,0,0,0,0,0,0,0,0,0,0,0,0,0,0,0,0,0,0,0,0,0,0,0,0,0,0,0,0,0,0,0,0,0,0,0,0,0,0,0,0,0,0,0,0,0,0,0,0,0,0,0,0,0,0,0,0,0,0,0,0,0,0,0,0,0,0,0,0,0,0,0,0,0,0,0,0,0,0,0,0,0,0,0,0,0,0,0,0,0,0,0,0,0,0,0,0,0,0,0,0,0,0,0,0,0,0,0,0,0,0,0,0,0,0,0,0,0,0,0,0,0,0,0,0,0
puppet-icinga2/manifests/service.pp_(IaC)_,1,0,0,1,0,0,1,0,1,0,1,2,1,2,1,1,1,0,0,0,0,0,0,0,0,0,0,0,0,0,1,1,0,0,0,1,0,0,0,0,0,0,0,0,0,0,1,0,0,0,1,1,0,0,1,1,1,1,1,1,1,1,1,1,0,1,1,1,0,0,1,1,1,1,0,1,0,1,1,1,1,1,0,2,0,0,0,0,1,1,0,1,0,0,0,0,0,0,13,9,3,8,0,14,9,6,1,5,5,5,5,5,5,5,5,5,5,5,1,5,6,5,6,5,5,1,3,7,7,7,1,7,7,7,7,7,7,7,7,7,7,7,7,7,1,7,7,0,1,0,1,1,2,2,1,2,1,1,0,1,1
puppet-icinga2/manifests/config.pp_(IaC)_,1,0,0,1,0,0,1,0,1,0,1,2,1,2,1,1,1,0,0,0,0,0,0,0,0,0,0,0,0,1,1,1,0,0,0,1,0,0,0,0,0,0,0,0,0,0,1,0,0,0,1,1,0,0,1,1,1,1,1,1,1,1,1,1,0,1,1,1,0,0,1,1,1,1,0,1,0,1,1,1,1,1,0,2,0,0,0,0,1,1,0,1,0,0,2,1,0,13,0,8,3,7,0,18,12,5,1,5,5,5,5,5,5,5,5,5,5,5,1,5,6,5,6,5,5,1,3,6,6,6,1,6,6,6,6,7,6,6,6,6,6,6,6,6,1,6,6,0,1,0,1,1,2,2,1,2,1,1,0,1,1
puppet-icinga2/manifests/object.pp_(IaC)_,1,0,0,1,0,0,1,0,1,2,1,2,1,2,1,1,1,0,0,0,0,0,0,0,2,2,3,2,2,5,4,1,2,2,2,1,2,1,2,2,0,3,0,2,0,2,3,0,0,2,1,1,0,0,1,1,1,1,2,1,1,1,1,1,0,1,1,1,0,0,1,1,1,1,0,1,0,1,1,1,1,1,0,4,0,0,0,0,1,1,0,1,0,0,0,14,0,9,8,0,4,13,0,9,12,11,1,12,13,13,16,13,12,14,12,15,13,12,1,11,14,13,14,14,12,1,4,14,14,14,1,16,15,14,14,18,15,14,14,14,14,14,15,14,1,16,10,0,2,0,1,1,2,2,1,2,1,1,0,1,1
puppet-icinga2/manifests/globals.pp_(IaC)_,1,0,0,2,0,0,1,0,1,0,1,2,1,2,1,1,1,0,0,0,0,0,0,0,0,0,0,0,0,1,1,1,0,0,0,2,0,1,0,0,0,0,0,0,0,0,1,0,0,0,1,1,0,0,1,1,1,1,1,1,1,1,1,1,0,1,1,1,0,0,1,1,1,1,0,1,0,1,1,1,1,1,0,0,0,0,0,0,1,1,0,1,0,0,0,0,0,3,3,4,0,3,0,6,6,3,1,2,2,2,2,2,2,2,2,2,2,2,1,2,3,2,3,2,2,1,3,3,3,3,1,3,3,3,3,5,3,3,3,3,3,3,4,3,1,3,3,0,2,0,2,1,3,5,2,2,2,2,0,2,1
puppet-icinga2/manifests/feature.pp_(IaC)_,1,0,0,2,0,0,1,0,1,2,1,2,1,2,1,1,1,0,0,0,0,0,0,0,2,2,2,2,2,2,4,1,2,2,2,1,2,0,2,2,0,2,0,3,0,2,3,0,0,3,1,1,0,0,1,1,1,1,1,1,1,1,1,1,0,1,1,1,0,0,1,1,1,1,0,1,0,1,1,1,1,1,0,2,0,0,0,0,1,1,0,1,0,0,0,0,0,8,7,13,3,0,0,7,9,8,1,6,6,6,6,6,6,6,6,6,6,6,1,6,8,6,8,6,6,1,3,12,11,11,1,12,12,11,12,11,12,12,11,12,12,12,12,11,1,12,8,0,1,0,1,1,2,2,1,2,1,1,0,1,1
puppet-icinga2/manifests/query_objects.pp_(IaC)_,0,0,0,0,0,0,0,0,0,0,0,0,0,0,0,0,0,0,0,0,0,0,0,0,0,0,0,0,0,0,0,0,0,0,0,0,0,0,0,0,0,0,0,0,0,0,0,0,0,0,0,0,0,0,0,0,0,0,0,0,0,0,0,0,0,0,0,0,0,0,0,0,0,0,0,0,0,0,0,0,0,0,0,0,0,0,0,0,0,0,0,0,0,0,0,0,0,0,0,0,0,0,0,0,0,0,0,0,0,0,0,0,0,0,0,0,0,0,0,0,0,0,0,0,0,0,0,0,0,0,0,0,0,0,0,0,0,0,0,0,0,0,0,0,0,0,0,0,0,0,0,0,0,0,0,0,0,0,0,0,0
puppet-icinga2/manifests/install.pp_(IaC)_,1,0,0,1,0,0,1,0,1,0,1,2,1,2,1,1,1,0,0,0,0,0,0,0,1,0,0,0,0,3,2,1,0,0,0,2,0,0,0,0,0,0,0,0,0,0,1,0,0,0,1,1,0,0,1,1,2,1,1,1,1,1,1,1,0,1,1,2,0,0,1,1,1,1,0,1,0,1,2,1,1,1,0,2,0,0,0,0,1,1,0,1,0,0,1,0,0,14,18,9,6,7,0,0,18,5,1,5,5,5,5,5,5,5,5,5,5,5,1,5,6,5,6,5,5,1,3,6,6,6,1,7,7,6,6,10,7,6,7,6,6,6,7,6,1,7,6,0,1,0,2,1,2,5,2,2,1,1,0,2,1
puppet-icinga2/manifests/init.pp_(IaC)_,1,0,0,2,0,0,1,0,1,2,1,2,1,2,1,1,1,1,0,0,0,0,0,0,3,2,3,2,2,3,5,1,2,2,2,2,2,0,2,2,0,3,0,3,0,2,3,0,0,3,1,1,0,0,1,1,3,1,1,1,1,1,1,1,0,1,2,3,0,0,1,1,1,1,0,1,0,1,3,1,1,1,0,2,0,0,0,0,1,1,0,1,0,0,2,2,0,9,12,12,6,9,0,18,0,8,1,9,9,9,9,9,9,9,10,9,9,9,1,8,12,9,12,9,9,1,4,12,12,12,1,14,13,12,12,18,14,12,13,12,12,12,13,12,1,14,10,0,1,0,2,1,2,5,2,2,1,1,0,2,1
puppet-icinga2/manifests/config/fragment.pp_(IaC)_,1,0,0,1,0,0,1,0,1,2,1,2,1,2,1,1,1,0,0,0,0,0,0,0,2,2,2,2,2,2,3,1,2,2,2,1,2,0,2,2,0,2,0,2,0,2,3,1,0,2,1,1,0,0,1,1,1,1,1,1,1,1,1,1,0,1,1,1,0,0,1,1,1,1,0,1,0,1,1,1,1,1,0,2,0,0,0,0,1,1,0,1,0,0,0,0,0,6,5,11,3,8,0,5,8,0,1,8,8,8,8,8,8,8,8,8,8,8,1,8,8,8,8,8,8,1,4,10,10,10,1,10,10,10,10,10,10,10,10,10,10,10,10,10,1,10,9,0,1,0,1,1,2,2,1,2,1,1,0,1,1
puppet-icinga2/manifests/tls/client.pp_(IaC)_,0,0,0,1,0,0,1,0,1,0,0,1,0,1,1,0,1,0,0,0,0,0,0,0,0,0,0,0,0,0,0,1,0,0,0,0,0,0,0,0,0,0,0,0,0,0,0,0,0,0,1,1,0,0,1,1,1,1,1,1,1,1,1,1,0,1,1,1,0,0,1,1,1,1,0,1,0,1,1,1,1,1,0,0,0,0,0,0,1,1,0,1,0,0,0,0,0,1,1,1,1,1,0,1,1,1,0,1,1,1,1,1,1,1,1,1,1,1,1,1,1,1,1,1,1,1,1,1,1,1,1,1,1,1,1,1,1,1,1,1,1,1,1,1,1,1,1,0,0,0,0,0,1,1,0,1,1,1,0,0,0
puppet-icinga2/manifests/object/apiuser.pp_(IaC)_,0,0,0,2,0,0,1,0,1,2,1,2,1,2,1,1,1,0,0,0,0,0,0,0,3,3,4,3,3,3,3,1,3,3,3,1,3,1,3,3,1,4,0,3,0,3,3,1,1,3,1,1,0,0,1,1,1,1,1,1,1,1,1,1,0,1,1,1,0,0,1,3,1,1,0,1,0,1,1,1,1,1,0,4,0,0,0,0,1,1,0,1,0,0,0,3,0,5,5,12,2,6,0,5,9,8,1,0,16,16,16,16,16,16,16,16,16,16,1,15,15,16,16,16,16,1,3,11,11,11,1,10,12,11,11,12,11,11,12,12,11,12,13,11,1,10,9,0,0,0,0,0,1,1,0,1,1,1,0,0,0
puppet-icinga2/manifests/object/timeperiod.pp_(IaC)_,0,0,0,2,0,0,1,0,1,2,1,2,1,2,1,1,1,0,0,0,0,0,0,0,3,3,4,3,3,3,3,1,3,3,3,1,3,1,3,3,1,4,0,3,0,3,3,1,1,3,1,1,0,0,1,1,1,1,1,1,1,1,1,1,0,1,1,1,0,0,1,2,1,1,0,1,0,1,1,1,1,1,0,4,0,0,0,0,1,1,0,1,0,0,0,3,0,5,5,13,2,6,0,5,9,8,1,16,0,19,19,20,16,17,17,19,19,17,1,15,14,19,15,19,17,1,3,11,11,11,1,10,12,11,11,12,11,11,12,12,11,12,13,11,1,10,9,0,0,0,0,0,1,1,0,1,1,1,0,0,0
puppet-icinga2/manifests/object/user.pp_(IaC)_,0,0,0,2,0,0,1,0,1,2,2,2,1,2,1,1,1,0,0,0,0,0,0,0,3,3,4,3,3,3,3,1,3,3,3,1,3,1,3,3,1,4,0,3,0,3,3,1,1,3,1,1,0,0,1,1,1,1,1,1,1,1,1,1,0,1,1,1,0,0,1,2,1,1,0,1,0,1,1,1,1,1,0,4,0,0,0,0,1,1,0,1,0,0,0,3,0,5,5,13,2,6,0,5,9,8,1,16,19,0,21,19,19,17,20,22,19,17,1,15,14,22,15,19,20,1,3,11,11,11,1,10,12,11,11,12,11,11,12,12,11,12,13,11,1,10,9,0,0,0,0,0,1,1,0,1,1,1,0,0,0
puppet-icinga2/manifests/object/service.pp_(IaC)_,0,0,0,3,0,0,1,0,1,2,2,3,2,2,1,2,1,0,0,0,0,0,0,0,3,3,4,3,3,3,3,1,3,3,3,1,3,1,3,3,1,4,0,3,0,3,3,1,1,3,1,1,0,0,1,1,1,1,2,1,1,1,1,1,0,1,1,1,0,0,1,2,1,1,0,1,0,1,1,1,2,1,0,5,0,0,0,0,1,1,0,1,0,0,0,6,0,5,5,16,2,6,0,5,9,8,1,16,19,21,0,19,18,18,22,25,19,17,1,15,15,21,15,21,19,1,4,11,11,11,1,10,13,11,11,12,12,11,14,13,12,13,14,11,2,10,9,0,0,0,0,0,1,1,0,1,1,1,0,0,0
puppet-icinga2/manifests/object/usergroup.pp_(IaC)_,0,0,0,2,0,0,1,0,1,2,1,2,1,2,1,1,1,0,0,0,0,0,0,0,3,3,4,3,3,3,3,1,3,3,3,1,3,1,3,3,1,4,0,3,0,3,3,1,1,3,1,1,0,0,1,1,1,1,1,1,1,1,1,1,0,1,1,1,0,0,1,2,1,1,0,1,0,1,1,1,1,1,0,4,0,0,0,0,1,1,0,1,0,0,0,3,0,5,5,13,2,6,0,5,9,8,1,16,20,19,19,0,16,17,17,19,19,17,1,15,14,19,15,19,17,1,3,11,11,11,1,10,12,11,11,12,11,11,12,12,11,12,13,11,1,10,9,0,0,0,0,0,1,1,0,1,1,1,0,0,0
puppet-icinga2/manifests/object/eventcommand.pp_(IaC)_,0,0,0,2,0,0,1,0,1,2,2,2,1,2,1,1,1,0,0,0,0,0,0,0,3,3,4,3,3,3,3,1,3,3,3,1,3,1,3,3,1,4,0,3,0,3,3,1,1,3,1,1,0,0,1,1,1,1,1,1,1,1,1,1,0,1,1,1,0,0,1,2,1,1,0,1,0,1,1,1,1,1,0,4,0,0,0,0,1,1,0,1,0,0,0,3,0,5,5,12,2,6,0,5,9,8,1,16,16,19,18,16,0,16,19,19,16,16,1,15,14,20,15,16,20,1,3,11,11,11,1,10,12,11,11,12,11,11,12,12,11,12,13,11,1,10,9,0,0,0,0,0,1,1,0,1,1,1,0,0,0
puppet-icinga2/manifests/object/scheduleddowntime.pp_(IaC)_,0,0,0,2,0,0,1,0,1,2,1,2,1,2,1,1,1,0,0,0,0,0,0,0,3,3,4,3,3,3,3,1,3,3,3,1,3,1,3,3,1,4,0,3,0,3,3,1,1,3,1,1,0,0,1,1,1,1,1,1,1,1,1,1,0,1,1,1,0,0,1,2,1,1,0,1,0,1,1,1,1,1,0,4,0,0,0,0,1,1,0,1,0,0,0,4,0,5,5,14,2,6,0,5,9,8,1,16,17,17,18,17,16,0,16,19,17,16,1,15,14,17,15,18,16,1,3,11,11,11,1,10,12,11,11,12,11,11,12,12,11,12,13,11,1,10,9,0,0,0,0,0,1,1,0,1,1,1,0,0,0
puppet-icinga2/manifests/object/host.pp_(IaC)_,0,0,0,2,0,0,1,0,1,2,2,3,2,2,1,2,1,0,0,0,0,0,0,0,3,4,5,4,3,3,3,1,3,3,3,1,4,1,4,4,1,5,0,3,0,3,3,1,1,3,1,1,0,0,1,1,1,1,1,1,1,1,1,1,0,1,1,1,0,0,1,2,1,1,0,1,0,1,1,1,1,1,0,4,0,0,0,0,1,1,0,1,0,0,0,3,0,5,5,12,2,6,0,5,10,8,1,16,17,20,22,17,19,16,0,21,17,17,1,15,17,20,15,17,20,1,5,11,13,13,1,10,15,13,11,13,12,11,15,13,12,13,16,13,1,10,9,0,0,0,0,0,1,1,0,1,1,1,0,0,0
puppet-icinga2/manifests/object/notification.pp_(IaC)_,0,0,0,2,0,0,1,0,1,2,2,3,2,2,1,2,1,0,0,0,0,0,0,0,3,3,4,3,3,3,3,1,3,3,3,1,3,1,3,3,1,4,0,3,0,3,3,1,1,3,1,1,0,0,1,1,1,1,2,1,1,1,1,1,0,1,1,1,0,0,1,2,1,1,0,1,0,1,1,1,1,1,0,4,0,0,0,0,1,1,0,1,0,0,0,5,0,5,5,15,2,6,0,5,9,8,1,16,19,22,25,19,19,19,21,0,19,17,1,15,15,22,15,20,20,1,4,11,11,11,1,10,13,11,11,12,12,11,13,13,12,13,14,11,1,10,9,0,0,0,0,0,1,1,0,1,1,1,0,0,0
puppet-icinga2/manifests/object/servicegroup.pp_(IaC)_,0,0,0,2,0,0,1,0,1,2,1,2,1,2,1,1,1,0,0,0,0,0,0,0,3,3,4,3,3,3,3,1,3,3,3,1,3,1,3,3,1,4,0,3,0,3,3,1,1,3,1,1,0,0,1,1,1,1,1,1,1,1,1,1,0,1,1,1,0,0,1,2,1,1,0,1,0,1,1,1,1,1,0,4,0,0,0,0,1,1,0,1,0,0,0,3,0,5,5,13,2,6,0,5,9,8,1,16,19,19,19,19,16,17,17,19,0,17,1,15,14,19,15,19,17,1,3,11,11,11,1,10,12,11,11,12,11,11,12,12,11,12,13,11,1,10,9,0,0,0,0,0,1,1,0,1,1,1,0,0,0
puppet-icinga2/manifests/object/hostgroup.pp_(IaC)_,0,0,0,2,0,0,1,0,1,2,1,2,1,2,1,1,1,0,0,0,0,0,0,0,3,3,4,3,3,3,3,1,3,3,3,1,3,1,3,3,1,4,0,3,0,3,3,1,1,3,1,1,0,0,1,1,1,1,1,1,1,1,1,2,0,1,1,1,0,0,1,2,1,1,0,1,0,1,1,1,1,1,0,5,0,0,0,0,1,1,0,1,0,0,0,3,0,5,5,12,2,6,0,5,9,8,1,16,17,17,17,17,16,16,17,17,17,0,1,15,14,17,15,17,17,1,3,11,11,11,1,10,12,11,11,12,11,11,12,12,11,12,13,11,1,10,9,0,0,0,0,0,1,1,0,1,1,1,0,0,0
puppet-icinga2/manifests/object/icingaapplication.pp_(IaC)_,0,0,0,1,0,0,1,0,1,0,0,1,0,1,1,0,1,0,0,0,0,0,0,0,0,0,0,0,0,0,0,1,0,0,0,0,0,0,0,0,0,0,0,0,0,0,0,0,0,0,1,1,0,0,1,1,1,1,1,1,1,1,1,1,0,1,1,1,0,0,1,1,1,1,0,1,0,1,1,1,1,1,0,0,0,0,0,0,1,1,0,1,0,0,0,0,0,1,1,1,1,1,0,1,1,1,1,1,1,1,1,1,1,1,1,1,1,1,0,1,1,1,1,1,1,1,1,1,1,1,1,1,1,1,1,1,1,1,1,1,1,1,1,1,1,1,1,0,0,0,0,0,1,1,0,1,1,1,0,0,0
puppet-icinga2/manifests/object/checkresultreader.pp_(IaC)_,0,0,0,2,0,0,1,0,1,2,1,2,1,2,1,1,1,0,0,0,0,0,0,0,3,3,3,3,3,3,3,1,3,3,3,1,3,1,3,3,1,3,0,3,0,3,3,1,1,3,1,1,0,0,1,1,1,1,1,1,1,1,1,1,0,1,1,1,0,0,1,2,1,1,0,1,0,1,1,1,1,1,0,4,0,0,0,0,1,1,0,1,0,0,0,2,0,5,5,11,2,6,0,5,8,8,1,15,15,15,15,15,15,15,15,15,15,15,1,0,14,15,14,15,15,1,3,11,11,11,1,10,11,11,11,12,11,11,12,12,11,12,12,11,1,10,9,0,0,0,0,0,1,1,0,1,1,1,0,0,0
puppet-icinga2/manifests/object/endpoint.pp_(IaC)_,1,0,0,2,0,0,1,0,1,2,1,3,2,2,1,2,1,0,0,0,0,0,0,0,3,4,4,4,3,4,4,1,3,3,3,2,4,1,4,4,1,4,0,3,0,3,4,1,1,3,1,1,0,0,1,1,1,1,1,1,1,1,1,1,0,1,1,1,0,0,1,2,1,1,0,1,0,1,1,1,1,1,0,4,0,0,0,0,1,1,0,1,0,0,0,4,0,6,6,14,3,8,0,6,12,8,1,15,14,14,15,14,14,14,17,15,14,14,1,14,0,14,20,14,14,1,6,12,14,14,1,11,14,14,12,16,13,12,16,14,13,14,15,14,1,11,9,0,1,0,1,1,2,2,1,2,1,1,0,1,1
puppet-icinga2/manifests/object/notificationcommand.pp_(IaC)_,0,0,0,2,0,0,1,0,1,2,2,2,1,2,1,1,1,0,0,0,0,0,0,0,3,3,4,3,3,3,3,1,3,3,3,1,3,1,3,3,1,4,0,3,0,3,3,1,1,3,1,1,0,0,1,1,1,1,1,1,1,1,1,1,0,1,1,1,0,0,1,2,1,1,0,1,0,1,1,1,1,1,0,4,0,0,0,0,1,1,0,1,0,0,0,3,0,5,5,13,2,6,0,5,9,8,1,16,19,22,21,19,20,17,20,22,19,17,1,15,14,0,15,19,21,1,3,11,11,11,1,10,12,11,11,12,11,11,12,12,11,12,13,11,1,10,9,0,0,0,0,0,1,1,0,1,1,1,0,0,0
puppet-icinga2/manifests/object/zone.pp_(IaC)_,1,0,0,2,0,0,1,0,1,2,1,2,1,2,1,1,1,0,0,0,0,0,0,0,3,3,4,3,3,3,4,1,3,3,3,2,3,1,3,3,1,4,0,3,0,3,4,1,1,3,1,1,0,0,1,1,1,1,1,1,1,1,1,1,0,1,1,1,0,0,1,2,1,1,0,1,0,1,1,1,1,1,0,4,0,0,0,0,1,1,0,1,0,0,0,4,0,6,6,14,3,8,0,6,12,8,1,16,15,15,15,15,15,15,15,15,15,15,1,14,20,15,0,15,15,1,4,12,12,12,1,11,12,12,12,14,12,12,13,13,12,13,13,12,1,11,9,0,1,0,1,1,2,2,1,2,1,1,0,1,1
puppet-icinga2/manifests/object/dependency.pp_(IaC)_,0,0,0,2,0,0,1,0,1,2,1,2,1,2,1,1,1,0,0,0,0,0,0,0,3,3,4,3,3,3,3,1,3,3,3,1,3,1,3,3,1,4,0,3,0,3,3,1,1,3,1,1,0,0,1,1,1,1,1,1,1,1,1,1,0,1,1,1,0,0,1,2,1,1,0,1,0,1,1,1,1,1,0,4,0,0,0,0,1,1,0,1,0,0,0,4,0,5,5,14,2,6,0,5,9,8,1,16,19,19,21,19,16,18,17,20,19,17,1,15,14,19,15,0,17,1,3,11,11,11,1,10,12,11,11,12,11,11,13,12,11,12,13,11,1,10,9,0,0,0,0,0,1,1,0,1,1,1,0,0,0
puppet-icinga2/manifests/object/checkcommand.pp_(IaC)_,0,0,0,2,0,0,1,0,1,2,2,2,1,2,1,1,1,0,0,0,0,0,0,0,3,3,4,3,3,3,3,1,3,3,3,1,3,1,3,3,1,4,0,3,0,3,3,1,1,3,1,1,0,0,1,1,1,1,1,1,1,1,1,1,0,1,1,1,0,0,1,2,1,1,0,1,0,1,1,1,1,1,0,5,0,0,0,0,1,1,0,1,0,0,0,3,0,5,5,12,2,6,0,5,9,8,1,16,17,20,19,17,20,16,20,20,17,17,1,15,14,21,15,17,0,1,3,11,11,11,1,10,12,11,11,12,11,11,12,12,11,12,13,11,1,10,9,0,0,0,0,0,1,1,0,1,1,1,0,0,0
puppet-icinga2/manifests/feature/influxdb2.pp_(IaC)_,0,0,0,1,0,0,1,0,1,0,0,1,0,1,1,0,1,0,0,0,0,0,0,0,0,0,0,0,0,0,0,1,0,0,0,0,0,0,0,0,0,0,0,0,0,0,0,0,0,0,1,1,0,0,1,1,1,1,1,1,1,1,1,1,0,1,1,1,0,0,1,1,1,1,0,1,0,1,1,1,1,1,0,0,0,0,0,0,1,1,0,1,0,0,0,0,0,1,1,1,1,1,0,1,1,1,1,1,1,1,1,1,1,1,1,1,1,1,1,1,1,1,1,1,1,0,1,1,1,1,1,1,1,1,1,1,1,1,1,1,1,1,1,1,1,1,1,0,0,0,0,0,1,1,0,1,1,1,0,0,0
puppet-icinga2/manifests/feature/elasticsearch.pp_(IaC)_,1,0,0,1,0,0,1,0,1,0,1,3,2,2,1,2,1,1,0,0,0,0,0,0,1,1,1,1,1,1,2,1,1,1,1,1,1,0,1,1,5,1,0,1,0,1,2,1,0,1,1,1,0,0,1,1,1,1,1,1,1,1,1,1,0,1,1,1,0,0,1,1,1,1,0,1,0,1,1,1,1,1,0,0,0,0,0,0,1,1,0,1,0,0,0,0,0,3,3,4,3,3,0,3,4,4,1,3,3,3,4,3,3,3,5,4,3,3,1,3,6,3,4,3,3,1,0,4,6,5,1,4,6,6,4,5,5,4,7,5,5,6,7,6,1,4,3,0,1,0,1,1,2,2,1,2,1,1,0,1,1
puppet-icinga2/manifests/feature/command.pp_(IaC)_,1,0,0,1,0,0,1,0,1,2,1,2,1,2,1,1,1,0,0,0,0,0,0,0,2,2,2,2,2,2,4,1,2,3,6,1,2,0,2,2,0,2,0,3,0,2,3,0,0,3,1,1,0,0,1,1,1,1,1,1,1,1,1,1,0,1,1,1,0,0,1,1,1,1,0,1,0,1,1,1,1,1,0,2,0,0,0,0,1,1,0,1,0,0,0,0,0,7,6,14,3,12,0,6,12,10,1,11,11,11,11,11,11,11,11,11,11,11,1,11,12,11,12,11,11,1,4,0,18,18,1,18,17,18,20,18,19,20,18,20,20,20,17,18,1,18,10,0,1,0,1,1,2,2,1,2,1,1,0,1,1
puppet-icinga2/manifests/feature/gelf.pp_(IaC)_,1,0,0,1,0,0,1,0,1,2,1,2,1,2,1,1,1,0,0,0,0,0,0,0,2,5,3,3,2,2,3,1,2,2,2,1,3,0,3,4,0,3,0,2,0,2,3,0,0,2,1,1,0,0,1,1,1,1,1,1,1,1,1,1,0,1,1,1,0,0,1,1,1,1,0,1,0,1,1,1,1,1,0,2,0,0,0,0,1,1,0,1,0,0,0,0,0,7,6,14,3,11,0,6,12,10,1,11,11,11,11,11,11,11,13,11,11,11,1,11,14,11,12,11,11,1,6,18,0,20,1,17,19,22,18,19,18,18,21,18,18,19,19,21,1,17,10,0,1,0,1,1,2,2,1,2,1,1,0,1,1
puppet-icinga2/manifests/feature/livestatus.pp_(IaC)_,1,0,0,2,0,0,1,0,1,2,1,2,1,2,1,1,1,0,0,0,0,0,0,0,2,3,3,6,2,2,3,1,2,2,2,1,3,0,3,3,0,3,0,2,0,2,3,0,0,2,1,1,0,0,1,1,1,1,1,1,1,1,1,1,0,1,1,1,0,0,1,1,1,1,0,1,0,1,1,1,1,1,0,2,0,0,0,0,1,1,0,1,0,0,0,0,0,7,6,14,3,11,0,6,12,10,1,11,11,11,11,11,11,11,13,11,11,11,1,11,14,11,12,11,11,1,5,18,20,0,1,17,19,20,18,19,18,18,20,18,18,18,19,20,1,17,10,0,1,0,1,1,2,2,1,2,1,1,0,1,1
puppet-icinga2/manifests/feature/windowseventlog.pp_(IaC)_,0,0,0,1,0,0,1,0,1,0,0,1,0,1,1,0,1,0,0,0,0,0,0,0,0,0,0,0,0,0,0,1,0,0,0,0,0,0,0,0,0,0,0,0,0,0,0,0,0,0,1,1,0,0,1,1,1,1,1,1,1,1,1,1,0,1,1,1,0,0,1,1,1,1,0,1,0,1,1,1,1,1,0,0,0,0,0,0,1,1,0,1,0,0,0,0,0,1,1,1,1,1,0,1,1,1,1,1,1,1,1,1,1,1,1,1,1,1,1,1,1,1,1,1,1,1,1,1,1,1,0,1,1,1,1,1,1,1,1,1,1,1,1,1,1,1,1,0,0,0,0,0,1,1,0,1,1,1,0,0,0
puppet-icinga2/manifests/feature/notification.pp_(IaC)_,1,0,0,1,0,0,1,0,1,2,1,2,1,2,1,1,1,0,0,0,0,0,0,0,4,2,2,2,2,2,6,1,2,2,2,1,2,0,2,2,0,2,0,3,0,2,3,0,0,3,1,1,0,0,1,1,1,1,1,1,1,1,1,1,0,1,1,1,0,0,1,1,1,1,0,1,0,1,1,1,1,1,0,2,0,0,0,0,1,1,0,1,0,0,0,0,0,7,6,16,3,12,0,7,14,10,1,10,10,10,10,10,10,10,10,10,10,10,1,10,11,10,11,10,10,1,4,18,17,17,1,0,16,17,19,18,22,18,17,18,18,18,16,17,1,24,10,0,1,0,1,1,2,2,1,2,1,1,0,1,1
puppet-icinga2/manifests/feature/idopgsql.pp_(IaC)_,1,0,0,3,0,0,1,0,1,2,1,3,2,2,1,2,1,0,0,0,0,0,0,0,2,3,8,3,2,2,3,1,2,2,2,1,3,0,3,3,0,5,0,2,0,2,3,0,0,2,1,1,0,0,1,1,2,1,1,1,1,1,1,1,0,1,1,2,0,0,1,1,1,3,0,1,0,1,2,1,1,1,0,2,0,0,0,0,1,1,0,1,0,0,0,1,0,7,6,15,3,12,0,7,13,10,1,12,12,12,13,12,12,12,15,13,12,12,1,11,14,12,12,12,12,1,6,17,19,19,1,16,0,19,17,19,18,17,21,18,18,19,37,19,1,16,11,0,1,0,1,1,2,2,1,2,1,1,0,1,1
puppet-icinga2/manifests/feature/graphite.pp_(IaC)_,1,0,0,1,0,0,1,0,1,2,1,2,1,2,1,1,1,0,0,0,0,0,0,0,2,3,3,3,2,2,3,1,2,2,2,1,3,0,3,5,0,3,0,2,0,2,3,0,0,2,1,1,0,0,1,1,1,1,1,1,1,1,1,1,0,1,1,1,0,0,1,1,1,1,0,1,0,1,1,1,1,1,0,2,0,0,0,0,1,1,0,1,0,0,0,0,0,7,6,14,3,11,0,6,12,10,1,11,11,11,11,11,11,11,13,11,11,11,1,11,14,11,12,11,11,1,6,18,22,20,1,17,19,0,18,19,18,18,21,18,18,19,19,21,1,17,10,0,1,0,1,1,2,2,1,2,1,1,0,1,1
puppet-icinga2/manifests/feature/compatlog.pp_(IaC)_,1,0,0,1,0,0,1,0,1,2,1,2,1,2,1,1,1,0,0,0,0,0,0,0,2,2,2,2,2,2,4,1,2,5,2,1,2,0,2,2,0,2,0,3,0,2,3,0,0,3,1,1,0,0,1,1,1,1,1,1,1,1,1,1,0,1,1,1,0,0,1,1,1,1,0,1,0,1,1,1,1,1,0,2,0,0,0,0,1,1,0,1,0,0,0,0,0,7,6,14,3,12,0,6,12,10,1,11,11,11,11,11,11,11,11,11,11,11,1,11,12,11,12,11,11,1,4,20,18,18,1,19,17,18,0,18,20,20,18,20,20,20,17,18,1,19,10,0,1,0,1,1,2,2,1,2,1,1,0,1,1
puppet-icinga2/manifests/feature/api.pp_(IaC)_,1,0,0,2,0,0,1,0,1,2,1,2,1,3,1,1,1,0,0,0,0,0,0,0,3,3,3,3,3,15,5,1,3,3,3,2,4,2,3,3,1,3,0,3,0,3,4,1,1,3,1,1,0,0,1,1,1,1,1,1,1,1,1,1,0,1,3,1,0,0,1,2,1,1,0,1,0,1,1,1,1,1,1,3,0,1,0,0,1,1,0,1,0,0,0,2,0,7,7,18,5,11,0,10,18,10,1,12,12,12,12,12,12,12,13,12,12,12,1,12,16,12,14,12,12,1,5,18,19,19,1,18,19,19,18,0,19,18,23,19,18,19,23,19,1,19,21,0,2,0,1,1,2,2,1,3,1,1,0,1,1
puppet-icinga2/manifests/feature/mainlog.pp_(IaC)_,1,0,0,1,0,0,1,0,1,2,1,3,2,2,1,2,1,0,0,0,0,0,0,0,3,2,2,2,2,2,6,1,2,2,2,1,2,0,2,2,0,2,0,3,0,2,3,0,0,3,1,1,0,0,1,1,1,1,1,1,1,1,1,1,0,1,1,1,0,0,1,1,1,1,0,1,0,1,1,1,1,1,0,2,0,0,0,0,1,1,0,1,0,0,0,0,0,7,6,15,3,12,0,7,14,10,1,11,11,11,12,11,11,11,12,12,11,11,1,11,13,11,12,11,11,1,5,19,18,18,1,22,18,18,20,19,0,19,19,20,20,20,18,18,1,22,10,0,1,0,1,1,2,2,1,2,1,1,0,1,1
puppet-icinga2/manifests/feature/debuglog.pp_(IaC)_,1,0,0,1,0,0,1,0,1,2,1,2,1,2,1,1,1,0,0,0,0,0,0,0,2,2,2,2,2,2,4,1,2,2,2,1,2,0,2,2,0,2,0,3,0,2,5,0,0,3,1,1,0,0,1,1,1,1,1,1,1,1,1,1,0,1,1,1,0,0,1,1,1,1,0,1,0,1,1,1,1,1,0,2,0,0,0,0,1,1,0,1,0,0,0,0,0,7,6,14,3,12,0,6,12,10,1,11,11,11,11,11,11,11,11,11,11,11,1,11,12,11,12,11,11,1,4,20,18,18,1,18,17,18,20,18,19,0,18,20,20,20,17,18,1,18,10,0,1,0,1,1,2,2,1,2,1,1,0,1,1
puppet-icinga2/manifests/feature/influxdb.pp_(IaC)_,1,0,0,2,0,0,1,0,1,2,1,3,2,2,1,2,1,0,0,0,0,0,0,0,3,4,4,4,3,4,4,1,3,3,3,2,8,1,4,4,1,5,0,3,0,3,4,1,1,3,1,1,0,0,1,1,1,1,1,1,1,1,1,1,0,1,1,1,0,0,1,2,1,1,0,1,0,1,1,1,1,1,0,3,0,0,0,0,1,1,0,1,0,0,0,1,0,7,6,14,3,11,0,7,13,10,1,12,12,12,14,12,12,12,15,13,12,12,1,12,16,12,13,13,12,1,7,18,21,20,1,17,21,21,18,23,19,18,0,20,19,21,25,21,1,18,12,0,1,0,1,1,2,2,1,2,1,1,0,1,1
puppet-icinga2/manifests/feature/statusdata.pp_(IaC)_,1,0,0,2,0,0,1,0,1,2,1,3,2,2,1,2,1,0,0,0,0,0,0,0,3,3,3,3,3,3,5,1,3,3,3,2,3,1,3,3,1,3,0,4,0,5,4,1,1,4,1,1,0,0,1,1,1,1,1,1,1,1,1,1,0,1,1,1,0,0,1,2,1,1,0,1,0,1,1,1,1,1,0,3,0,0,0,0,1,1,0,1,0,0,0,1,0,7,6,14,3,12,0,6,12,10,1,12,12,12,13,12,12,12,13,13,12,12,1,12,14,12,13,12,12,1,5,20,18,18,1,18,18,18,20,19,20,20,20,0,21,22,19,18,1,18,11,0,1,0,1,1,2,2,1,2,1,1,0,1,1
puppet-icinga2/manifests/feature/syslog.pp_(IaC)_,1,0,0,1,0,0,1,0,1,2,1,3,2,2,1,2,1,0,0,0,0,0,0,0,2,2,2,2,2,2,4,1,5,2,2,1,2,0,2,2,0,2,0,3,0,2,3,0,0,3,1,1,0,0,1,1,1,1,1,1,1,1,1,1,0,1,1,1,0,0,2,1,1,1,0,1,0,1,1,1,1,1,0,2,0,0,0,0,1,1,0,1,0,0,0,0,0,7,6,14,3,12,0,6,12,10,1,11,11,11,12,11,11,11,12,12,11,11,1,11,13,11,12,11,11,1,5,20,18,18,1,18,18,18,20,18,20,20,19,21,0,21,18,18,1,18,10,0,1,0,1,1,2,2,1,2,1,1,0,1,1
puppet-icinga2/manifests/feature/perfdata.pp_(IaC)_,1,0,0,2,0,0,1,0,1,2,1,3,2,2,1,2,1,0,0,0,0,0,0,0,3,3,3,3,6,3,5,1,3,3,3,2,3,1,3,3,1,3,0,4,0,3,4,1,1,4,1,1,0,0,1,1,1,1,1,1,1,1,1,1,0,1,1,1,0,0,1,2,1,1,0,1,0,1,1,1,1,1,0,3,0,0,0,0,1,1,0,1,0,0,0,1,0,7,6,14,3,12,0,6,12,10,1,12,12,12,13,12,12,12,13,13,12,12,1,12,14,12,13,12,12,1,6,20,19,18,1,18,19,19,20,19,20,20,21,22,21,0,20,19,1,18,11,0,1,0,1,1,2,2,1,2,1,1,0,1,1
puppet-icinga2/manifests/feature/idomysql.pp_(IaC)_,1,0,0,4,0,0,1,0,1,2,1,3,2,2,1,2,1,0,0,0,0,0,0,0,3,4,6,4,3,4,4,1,3,3,3,2,6,1,4,4,1,13,0,3,0,3,4,1,1,3,1,1,0,0,1,1,2,1,1,2,1,1,1,1,0,1,1,2,0,0,1,2,1,3,0,1,0,1,2,1,1,1,0,3,0,0,0,0,1,1,0,1,0,0,0,2,0,7,6,15,4,12,0,7,13,10,1,13,13,13,14,13,13,13,16,14,13,13,1,12,15,13,13,13,13,1,7,17,19,19,1,16,37,19,17,23,18,17,25,19,18,20,0,19,1,17,12,0,1,0,1,1,2,2,1,2,1,1,0,1,1
puppet-icinga2/manifests/feature/opentsdb.pp_(IaC)_,1,0,0,1,0,0,1,0,1,2,1,2,1,2,1,1,1,0,0,0,0,0,0,0,2,3,3,3,2,2,3,1,2,2,2,1,3,0,4,3,0,3,0,2,0,2,3,0,0,2,1,1,0,0,1,1,1,1,1,1,1,1,1,1,0,1,1,1,0,0,1,1,1,1,0,1,0,1,1,1,1,1,0,2,0,0,0,0,1,1,0,1,0,0,0,0,0,7,6,14,3,11,0,6,12,10,1,11,11,11,11,11,11,11,13,11,11,11,1,11,14,11,12,11,11,1,6,18,21,20,1,17,19,21,18,19,18,18,21,18,18,19,19,0,1,17,10,0,1,0,1,1,2,2,1,2,1,1,0,1,1
puppet-icinga2/manifests/feature/icingadb.pp_(IaC)_,0,0,0,2,0,0,1,0,1,0,0,1,0,1,1,0,1,0,0,0,0,0,0,0,0,0,0,0,0,0,0,2,0,0,0,0,0,0,0,0,0,0,0,0,0,0,0,0,0,0,1,1,0,0,2,1,1,1,1,1,1,1,1,1,0,1,1,1,0,0,1,1,1,1,0,1,0,1,1,1,1,1,0,0,0,0,0,0,1,1,0,1,0,0,0,0,0,1,1,1,1,1,0,1,1,1,1,1,1,1,2,1,1,1,1,1,1,1,1,1,1,1,1,1,1,1,1,1,1,1,1,1,1,1,1,1,1,1,1,1,1,1,1,1,0,1,1,0,0,0,0,0,1,1,0,1,1,1,0,0,0
puppet-icinga2/manifests/feature/checker.pp_(IaC)_,1,0,0,1,0,0,1,0,1,2,1,2,1,2,1,1,1,0,0,0,0,0,0,0,3,2,2,2,2,2,6,1,2,2,2,1,2,0,2,2,0,2,0,3,0,2,3,0,0,3,1,1,0,0,1,1,1,1,1,1,1,1,1,1,0,1,1,1,0,0,1,1,1,1,0,1,0,1,1,1,1,1,0,2,0,0,0,0,1,1,0,1,0,0,0,0,0,7,6,16,3,12,0,7,14,10,1,10,10,10,10,10,10,10,10,10,10,10,1,10,11,10,11,10,10,1,4,18,17,17,1,24,16,17,19,19,22,18,18,18,18,18,17,17,1,0,10,0,1,0,1,1,2,2,1,3,1,1,0,1,1
puppet-icinga2/manifests/pki/ca.pp_(IaC)_,1,0,0,2,0,0,1,0,1,2,1,2,1,2,1,1,1,0,0,0,0,0,0,0,3,3,3,3,3,5,4,1,3,3,3,2,3,2,3,3,1,3,0,3,0,3,4,1,1,3,1,1,0,0,1,1,1,1,1,1,1,1,1,1,0,1,1,1,0,0,1,2,1,1,0,1,0,1,1,1,1,1,0,3,0,0,0,0,1,1,0,1,0,0,0,1,0,7,6,10,3,8,0,6,10,9,1,9,9,9,9,9,9,9,9,9,9,9,1,9,9,9,9,9,9,1,3,10,10,10,1,10,11,10,10,21,10,10,12,11,10,11,12,10,1,10,0,0,1,0,1,1,2,2,1,2,1,1,0,1,1
puppet-icinga2/.vscode/extensions.json_(Other)_,0,0,0,0,0,0,0,0,0,0,0,0,0,0,0,0,0,0,0,0,0,0,0,0,0,0,0,0,0,0,0,0,0,0,0,0,0,0,0,0,0,0,0,0,0,0,0,0,0,0,0,0,0,0,0,0,0,0,0,0,0,0,0,0,0,0,0,0,0,0,0,0,0,0,0,0,0,0,0,0,0,0,0,0,0,0,0,0,0,0,0,0,0,0,0,0,0,0,0,0,0,0,0,0,0,0,0,0,0,0,0,0,0,0,0,0,0,0,0,0,0,0,0,0,0,0,0,0,0,0,0,0,0,0,0,0,0,0,0,0,0,0,0,0,0,0,0,0,0,0,0,0,0,0,0,0,0,0,0,0,0
puppet-icinga2/data/Suse-family.yaml_(Other)_,2,0,0,0,0,0,0,0,0,0,0,0,0,0,0,0,0,0,0,0,0,0,0,0,0,0,0,0,0,1,1,0,0,0,0,1,0,1,0,0,0,0,0,0,0,0,1,0,0,0,0,0,0,0,0,0,0,0,0,0,0,0,0,0,0,0,0,0,0,0,0,0,0,0,0,0,0,0,0,0,0,0,0,0,0,0,0,0,0,0,0,0,0,0,0,0,0,1,1,2,2,1,0,1,1,1,0,0,0,0,0,0,0,0,0,0,0,0,0,0,1,0,1,0,0,0,1,1,1,1,0,1,1,1,1,2,1,1,1,1,1,1,1,1,0,1,1,0,0,0,1,2,1,1,2,1,0,0,0,1,1
puppet-icinga2/data/Gentoo-family.yaml_(Other)_,0,0,0,0,0,0,0,0,0,0,0,0,0,0,0,0,0,0,0,0,0,0,0,0,0,0,0,0,0,0,0,0,0,0,0,0,0,0,0,0,0,0,0,0,0,0,0,0,0,0,0,0,0,0,0,0,0,0,0,0,0,0,0,0,0,0,0,0,0,0,0,0,0,0,0,0,0,0,0,0,0,0,0,0,0,0,0,0,0,0,0,0,0,0,0,0,0,0,0,0,0,0,0,0,0,0,0,0,0,0,0,0,0,0,0,0,0,0,0,0,0,0,0,0,0,0,0,0,0,0,0,0,0,0,0,0,0,0,0,0,0,0,0,0,0,0,0,0,0,0,0,0,0,0,0,0,0,0,0,0,0
puppet-icinga2/data/RedHat-family-6.yaml_(Other)_,1,0,0,0,0,0,0,0,0,0,0,0,0,0,0,0,0,0,0,0,0,0,0,0,0,0,0,0,0,0,1,0,0,0,0,2,0,0,0,0,0,0,0,0,0,0,1,0,0,0,0,0,0,0,0,0,0,0,0,0,0,0,0,0,0,0,0,0,0,0,0,0,0,0,0,0,0,0,0,0,0,0,0,0,0,0,0,0,0,0,0,0,0,0,0,0,0,1,1,1,2,1,0,2,2,1,0,0,0,0,0,0,0,0,0,0,0,0,0,0,1,0,1,0,0,0,1,1,1,1,0,1,1,1,1,1,1,1,1,1,1,1,1,1,0,1,1,0,1,0,0,1,1,2,2,1,0,0,0,2,1
puppet-icinga2/data/Debian-family.yaml_(Other)_,2,0,0,0,0,0,0,0,0,0,0,0,0,0,0,0,0,0,0,0,0,0,0,0,0,0,0,0,0,0,1,0,0,0,0,1,0,0,0,0,0,0,0,0,0,0,1,0,0,0,0,0,0,0,0,0,0,0,0,0,0,0,0,0,0,0,0,0,0,0,0,0,0,0,0,0,0,0,0,0,0,0,0,0,0,0,0,0,0,0,0,0,0,0,0,0,0,1,1,1,1,1,0,1,1,1,0,0,0,0,0,0,0,0,0,0,0,0,0,0,1,0,1,0,0,0,1,1,1,1,0,1,1,1,1,1,1,1,1,1,1,1,1,1,0,1,1,0,2,0,1,0,1,1,2,1,0,0,0,1,1
puppet-icinga2/data/FreeBSD-kernel.yaml_(Other)_,1,0,0,1,0,0,1,0,1,0,0,1,0,1,1,0,1,0,0,0,0,0,0,0,0,0,0,0,0,0,1,1,0,0,0,1,0,0,0,0,0,0,0,0,0,0,1,0,0,0,1,1,0,0,1,1,1,1,1,1,1,1,1,1,0,1,1,1,0,0,1,1,1,1,0,1,0,1,1,1,1,1,0,0,0,0,0,0,1,1,0,1,0,0,0,0,0,2,2,2,3,2,0,2,2,2,1,1,1,1,1,1,1,1,1,1,1,1,1,1,2,1,2,1,1,1,2,2,2,2,1,2,2,2,2,2,2,2,2,2,2,2,2,2,1,2,2,0,1,0,1,1,0,2,1,2,2,2,0,1,1
puppet-icinga2/data/Linux-kernel.yaml_(Other)_,1,0,0,1,0,0,1,0,1,0,0,1,0,1,1,0,1,0,0,0,0,0,0,0,0,0,0,0,0,0,1,1,0,0,0,2,0,0,0,0,0,0,0,0,0,0,1,0,0,0,1,1,0,0,1,1,1,1,1,1,1,1,1,1,0,1,1,1,0,0,1,1,1,1,0,1,0,1,1,1,1,1,0,0,0,0,0,0,1,1,0,1,0,0,0,0,0,2,2,2,5,2,0,5,5,2,1,1,1,1,1,1,1,1,1,1,1,1,1,1,2,1,2,1,1,1,2,2,2,2,1,2,2,2,2,2,2,2,2,2,2,2,2,2,1,2,2,0,1,0,2,1,2,0,2,2,1,1,0,2,1
puppet-icinga2/data/RedHat-family.yaml_(Other)_,2,0,0,0,0,0,0,0,0,0,0,0,0,0,0,0,0,0,0,0,0,0,0,0,0,0,0,0,0,0,1,0,0,0,0,2,0,0,0,0,0,0,0,0,0,0,1,0,0,0,0,0,0,0,0,0,0,0,0,0,0,0,0,0,0,0,0,0,0,0,0,0,0,0,0,0,0,0,0,0,0,0,0,0,0,0,0,0,0,0,0,0,0,0,0,0,0,1,1,1,2,1,0,2,2,1,0,0,0,0,0,0,0,0,0,0,0,0,0,0,1,0,1,0,0,0,1,1,1,1,0,1,1,1,1,1,1,1,1,1,1,1,1,1,0,1,1,0,2,0,2,2,1,2,0,1,0,0,0,2,1
puppet-icinga2/data/common.yaml_(Other)_,1,0,0,1,0,0,1,0,1,0,0,1,0,1,1,0,1,0,0,0,0,0,0,0,0,0,0,0,0,0,1,1,0,0,0,1,0,0,0,0,0,0,0,0,0,0,1,0,0,0,1,1,0,0,1,1,1,1,1,1,1,1,1,1,0,1,1,1,0,0,1,1,1,1,0,1,0,1,1,1,1,1,0,0,0,0,0,0,1,1,0,1,0,0,0,0,0,2,2,2,2,2,0,2,2,2,1,1,1,1,1,1,1,1,1,1,1,1,1,1,2,1,2,1,1,1,2,2,2,2,1,2,2,2,2,3,2,2,2,2,2,2,2,2,1,3,2,0,1,0,1,1,2,2,1,0,1,1,0,1,1
puppet-icinga2/data/OpenBSD-kernel.yaml_(Other)_,0,0,0,1,0,0,1,0,1,0,0,1,0,1,1,0,1,0,0,0,0,0,0,0,0,0,0,0,0,0,0,1,0,0,0,0,0,0,0,0,0,0,0,0,0,0,0,0,0,0,1,1,0,0,1,1,1,1,1,1,1,1,1,1,0,1,1,1,0,0,1,1,1,1,0,1,0,1,1,1,1,1,0,0,0,0,0,0,1,1,0,1,0,0,0,0,0,1,1,1,2,1,0,1,1,1,1,1,1,1,1,1,1,1,1,1,1,1,1,1,1,1,1,1,1,1,1,1,1,1,1,1,1,1,1,1,1,1,1,1,1,1,1,1,1,1,1,0,0,0,0,0,2,1,0,1,0,2,0,0,0
puppet-icinga2/data/windows-kernel.yaml_(Other)_,0,0,0,1,0,0,1,0,1,0,0,1,0,1,1,0,1,0,0,0,0,0,0,0,0,0,0,0,0,0,0,1,0,0,0,0,0,0,0,0,0,0,0,0,0,0,0,0,0,0,1,1,0,0,1,1,1,1,1,1,1,1,1,1,0,1,1,1,0,0,1,1,1,1,0,1,0,1,1,1,1,1,0,0,0,0,0,0,1,1,0,1,0,0,0,0,0,1,1,1,2,1,0,1,1,1,1,1,1,1,1,1,1,1,1,1,1,1,1,1,1,1,1,1,1,1,1,1,1,1,1,1,1,1,1,1,1,1,1,1,1,1,1,1,1,1,1,0,0,0,0,0,2,1,0,1,2,0,0,0,0
puppet-icinga2/data/Gentoo-amd64-family.yaml_(Other)_,0,0,0,0,0,0,0,0,0,0,0,0,0,0,0,0,0,0,0,0,0,0,0,0,0,0,0,0,0,0,0,0,0,0,0,0,0,0,0,0,0,0,0,0,0,0,0,0,0,0,0,0,0,0,0,0,0,0,0,0,0,0,0,0,0,0,0,0,0,0,0,0,0,0,0,0,0,0,0,0,0,0,0,0,0,0,0,0,0,0,0,0,0,0,0,0,0,0,0,0,0,0,0,0,0,0,0,0,0,0,0,0,0,0,0,0,0,0,0,0,0,0,0,0,0,0,0,0,0,0,0,0,0,0,0,0,0,0,0,0,0,0,0,0,0,0,0,0,0,0,0,0,0,0,0,0,0,0,0,0,0
puppet-icinga2/data/RedHat-family-5.yaml_(Other)_,1,0,0,0,0,0,0,0,0,0,0,0,0,0,0,0,0,0,0,0,0,0,0,0,0,0,0,0,0,0,1,0,0,0,0,2,0,0,0,0,0,0,0,0,0,0,1,0,0,0,0,0,0,0,0,0,0,0,0,0,0,0,0,0,0,0,0,0,0,0,0,0,0,0,0,0,0,0,0,0,0,0,0,0,0,0,0,0,0,0,0,0,0,0,0,0,0,1,1,1,2,1,0,2,2,1,0,0,0,0,0,0,0,0,0,0,0,0,0,0,1,0,1,0,0,0,1,1,1,1,0,1,1,1,1,1,1,1,1,1,1,1,1,1,0,1,1,0,1,0,2,1,1,2,2,1,0,0,0,0,1
puppet-icinga2/data/RedHat-x86_64-family.yaml_(Other)_,1,0,0,0,0,0,0,0,0,0,0,0,0,0,0,0,0,0,0,0,0,0,0,0,0,0,0,0,0,0,1,0,0,0,0,1,0,0,0,0,0,0,0,0,0,0,1,0,0,0,0,0,0,0,0,0,0,0,0,0,0,0,0,0,0,0,0,0,0,0,0,0,0,0,0,0,0,0,0,0,0,0,0,0,0,0,0,0,0,0,0,0,0,0,0,0,0,1,1,1,1,1,0,1,1,1,0,0,0,0,0,0,0,0,0,0,0,0,0,0,1,0,1,0,0,0,1,1,1,1,0,1,1,1,1,1,1,1,1,1,1,1,1,1,0,1,1,0,1,0,1,1,1,1,1,1,0,0,0,1,0
